,book_title,book_recommendation_urls
0,"Book of a Thousand Nights and a Night (Arabian Nights), Volume 05","['https://librivox.org/the-importance-of-being-earnest-by-oscar-wilde/', 'https://librivox.org/the-three-musketeers-by-alexandre-dumas/', 'https://librivox.org/the-amateur-cracksman-by-ew-hornung/', 'https://librivox.org/the-eclogues-by-publius-vergilius-maro/', 'https://librivox.org/a-ballad-of-john-silver-by-john-masefield/']"
1,Makers of Many Things,"['https://librivox.org/emma-by-jane-austen-solo/', 'https://librivox.org/the-importance-of-being-earnest-by-oscar-wilde/', 'https://librivox.org/the-story-of-a-stuffed-elephant-by-laura-lee-hope/', 'https://librivox.org/the-three-musketeers-by-alexandre-dumas/', 'https://librivox.org/the-eclogues-by-publius-vergilius-maro/', 'https://librivox.org/emma-by-jane-austen-3/']"
2,Beric the Briton: a Story of the Roman Invasion,"['https://librivox.org/police-operation-by-h-beam-piper/', 'https://librivox.org/studies-in-pessimism-by-arthur-schopenhauer/', 'https://librivox.org/red-shadows-by-robert-e-howard/', 'https://librivox.org/psalms-and-odes-of-solomon/', 'https://librivox.org/the-dutch-twins-by-lucy-fitch-perkins/']"
3,Our Journey to Sinai,"['https://librivox.org/unbeaten-tracks-in-japan-by-isabella-l-bird/', 'https://librivox.org/a-vindication-of-the-rights-of-woman-by-mary-wollstonecraft/', 'https://librivox.org/the-consolation-of-philosophy-by-boethius/', 'https://librivox.org/mrs-caudles-curtain-lectures-by-douglas-william-jerrold/', 'https://librivox.org/the-merry-adventures-of-robin-hood-by-howard-pyle/']"
4,Chemical History of A Candle,"['https://librivox.org/a-calendar-of-sonnets-by-helen-hunt-jackson/', 'https://librivox.org/china-and-the-chinese-by-herbert-allen-giles/', 'https://librivox.org/lectures-on-landscape-by-john-ruskin/', 'https://librivox.org/the-midnight-queen-by-may-agnes-fleming/', 'https://librivox.org/incidents-in-the-life-of-a-slave-girl-by-harriet-jacobs/']"
5,Reminiscences of Forts Sumter and Moultrie in 1860-'61 (version 2),"['https://librivox.org/uncle-toms-cabin-by-harriet-beecher-stowe/', 'https://librivox.org/ranald-bannermans-boyhood-by-george-macdonald/', 'https://librivox.org/the-last-of-the-mohicans-by-james-fenimore-cooper/', 'https://librivox.org/my-man-jeeves-by-p-g-wodehouse/', 'https://librivox.org/barbara-frietchie-by-john-greenleaf-whittier/']"
6,Why Marry?,"['https://librivox.org/the-adventures-of-huckleberry-finn-by-mark-twain/', 'https://librivox.org/unbeaten-tracks-in-japan-by-isabella-l-bird/', 'https://librivox.org/a-vindication-of-the-rights-of-woman-by-mary-wollstonecraft/', 'https://librivox.org/the-consolation-of-philosophy-by-boethius/', 'https://librivox.org/mrs-caudles-curtain-lectures-by-douglas-william-jerrold/']"
7,Room with a View (version 2),"['https://librivox.org/hamlet-by-william-shakespeare/', 'https://librivox.org/history-of-england-volume-1-chapter-1/', 'https://librivox.org/the-man-who-was-thursday-a-nightmare-by-gk-chesterton/', 'https://librivox.org/the-awakening-by-kate-chopin/', 'https://librivox.org/sense-and-sensibility-by-jane-austen/']"
8,Bethink Yourselves!,"['https://librivox.org/the-canterville-ghost-by-oscar-wilde/', 'https://librivox.org/a-personal-anthology-of-shakespeare-compiled-by-martin-clifton/', 'https://librivox.org/china-and-the-chinese-by-herbert-allen-giles/', 'https://librivox.org/on-liberty-by-john-stuart-mill/', 'https://librivox.org/the-rocket-book-by-peter-newell/']"
9,Life and Adventures of Nicholas Nickleby (Version 2),"['https://librivox.org/the-three-musketeers-by-alexandre-dumas/', 'https://librivox.org/the-rosary-by-florence-louisa-barclay/', 'https://librivox.org/robinson-crusoe-written-anew-for-children-by-james-baldwin/', 'https://librivox.org/psmith-in-the-city-by-pg-wodehouse/', 'https://librivox.org/early-spring-by-fay-inchfawn/']"
10,Apology for Sadness,"['https://librivox.org/letters-of-two-brides-by-honore-de-balzac/', 'https://librivox.org/bleak-house-by-charles-dickens/', 'https://librivox.org/this-side-of-paradise-by-f-scott-fitzgerald', 'https://librivox.org/the-odyssey-by-homer/', 'https://librivox.org/the-divine-comedy-by-dante-alighieri/']"
11,Wherein?,"['https://librivox.org/the-flag-goes-by-by-henry-holcomb-bennett/', 'https://librivox.org/the-gettysburg-address-by-abraham-lincoln/', 'https://librivox.org/the-gettysburg-address-by-abraham-lincoln-version-2/', 'https://librivox.org/the-romance-of-rubber-by-the-united-states-rubber-company/', 'https://librivox.org/us-historical-documents/']"
12,Secret of the Night,"['https://librivox.org/discourse-on-the-method-by-rene-descartes/', 'https://librivox.org/the-adventures-of-sherlock-holmes/', 'https://librivox.org/the-parenticide-club-by-ambrose-bierce/', 'https://librivox.org/the-prince-and-the-pauper-by-mark-twain/', 'https://librivox.org/fairy-tales-by-the-brothers-grimm/']"
13,Amazons: A Farcical Romance,"['https://librivox.org/the-adventures-of-huckleberry-finn-by-mark-twain/', 'https://librivox.org/unbeaten-tracks-in-japan-by-isabella-l-bird/', 'https://librivox.org/a-vindication-of-the-rights-of-woman-by-mary-wollstonecraft/', 'https://librivox.org/the-consolation-of-philosophy-by-boethius/', 'https://librivox.org/mrs-caudles-curtain-lectures-by-douglas-william-jerrold/']"
14,Through the Fray,"['https://librivox.org/the-love-letters-of-abelard-and-heloise-by-peter-abelard-and-heloise/', 'https://librivox.org/the-story-of-mankind-by-hendrik-van-loon/', 'https://librivox.org/mr-midshipman-easy-by-frederick-marryat/', 'https://librivox.org/the-egoist-by-george-meredith/', 'https://librivox.org/aunt-janes-hero-by-elizabeth-prentiss/']"
15,Riddle Ring,"['https://librivox.org/unbeaten-tracks-in-japan-by-isabella-l-bird/', 'https://librivox.org/a-vindication-of-the-rights-of-woman-by-mary-wollstonecraft/', 'https://librivox.org/the-consolation-of-philosophy-by-boethius/', 'https://librivox.org/mrs-caudles-curtain-lectures-by-douglas-william-jerrold/', 'https://librivox.org/narrative-of-arthur-gordon-pym/']"
16,Myths of Babylonia and Assyria,"['https://librivox.org/a-girl-of-the-limberlost-by-gene-stratton-porter/', 'https://librivox.org/cathay-by-ezra-pound/', 'https://librivox.org/our-island-story-part-2-by-he-marshall/', 'https://librivox.org/sadhana-by-rabindranath-tagore/', 'https://librivox.org/the-man-who-knew-too-much-by-g-k-chesterton/']"
17,Great Gold Rush: A Tale of the Klondike,"['https://librivox.org/the-shirley-letters-from-california-mines-by-louise-amelia-clappe/', 'https://librivox.org/selections-from-ballads-of-a-cheechako-by-robert-service/', 'https://librivox.org/australia-felix-by-henry-handel-richardson/', 'https://librivox.org/a-gold-hunters-experience-by-chalkley-j-hambleton/', 'https://librivox.org/the-outspan-by-percy-fitzpatrick/']"
18,Miss Billy Married,"['https://librivox.org/the-story-of-my-life-by-helen-keller/', 'https://librivox.org/their-mutual-child-by-p-g-wodehouse/', 'https://librivox.org/the-winters-tale-by-william-shakespeare/', 'https://librivox.org/alls-well-that-ends-well-by-william-shakespeare/', 'https://librivox.org/the-trees-of-pride-by-g-k-chesterton/']"
19,Bible (KJV) NT 07: 1 Corinthians,"['https://librivox.org/unbeaten-tracks-in-japan-by-isabella-l-bird/', 'https://librivox.org/a-vindication-of-the-rights-of-woman-by-mary-wollstonecraft/', 'https://librivox.org/the-consolation-of-philosophy-by-boethius/', 'https://librivox.org/mrs-caudles-curtain-lectures-by-douglas-william-jerrold/', 'https://librivox.org/the-merry-adventures-of-robin-hood-by-howard-pyle/']"
20,Woodpeckers,"['https://librivox.org/the-adventures-of-huckleberry-finn-by-mark-twain/', 'https://librivox.org/unbeaten-tracks-in-japan-by-isabella-l-bird/', 'https://librivox.org/the-foolish-dictionary-by-gideon-wurdz/', 'https://librivox.org/a-vindication-of-the-rights-of-woman-by-mary-wollstonecraft/', 'https://librivox.org/the-consolation-of-philosophy-by-boethius/']"
21,Bible (KJV) 28-39: Minor Prophets (Hosea through Malachi),"['https://librivox.org/the-book-of-job/', 'https://librivox.org/the-book-of-jonah/', 'https://librivox.org/book-of-tobias-douay-rheims-version/', 'https://librivox.org/utilitarianism-by-john-stuart-mill/', 'https://librivox.org/the-sorrows-of-young-werther-by-johann-wolfgang-von-goethe/']"
22,Lives of the Saints: With Reflections for Every Day in the Year,"['https://librivox.org/the-rosary-by-florence-louisa-barclay/', 'https://librivox.org/the-prince-and-the-pauper-by-mark-twain/', 'https://librivox.org/the-story-of-my-life-by-helen-keller/', 'https://librivox.org/scarecrow-of-oz-by-l-frank-baum/', 'https://librivox.org/a-house-boat-on-the-styx-by-john-kendrick-bangs/']"
23,Outlet,"['https://librivox.org/canadas-one-hundred-days-part-on-by-john-livesay/', 'https://librivox.org/joseph-andrews-by-henry-fielding/', 'https://librivox.org/canadas-one-hundred-days-part-two-by-john-livesay/', 'https://librivox.org/canadas-hundred-days-part-three-by-john-livesay/', 'https://librivox.org/the-log-of-a-cowboy-by-andy-adams/']"
24,Headless Horseman - A Strange Tale of Texas,"['https://librivox.org/letters-of-two-brides-by-honore-de-balzac/', 'https://librivox.org/bleak-house-by-charles-dickens/', 'https://librivox.org/this-side-of-paradise-by-f-scott-fitzgerald', 'https://librivox.org/the-odyssey-by-homer/', 'https://librivox.org/the-divine-comedy-by-dante-alighieri/']"
25,Quiet Talks about Jesus,"['https://librivox.org/diary-of-a-u-boat-commander-by-sir-stephen-king-hall/', 'https://librivox.org/quiet-talks-about-jesus-by-s-d-gordon/', 'https://librivox.org/god-the-invisible-king-by-h-g-wells/', 'https://librivox.org/on-generation-and-corruption-by-aristotle/', 'https://librivox.org/the-bible-for-young-people-volume-1-by-anonymous/']"
26,Secret Battle,"['https://librivox.org/unbeaten-tracks-in-japan-by-isabella-l-bird/', 'https://librivox.org/a-vindication-of-the-rights-of-woman-by-mary-wollstonecraft/', 'https://librivox.org/the-consolation-of-philosophy-by-boethius/', 'https://librivox.org/mrs-caudles-curtain-lectures-by-douglas-william-jerrold/', 'https://librivox.org/the-merry-adventures-of-robin-hood-by-howard-pyle/']"
27,Coffee Break Collection 006 - Food and Drink,"['https://librivox.org/the-consolation-of-philosophy-by-boethius/', 'https://librivox.org/spirits-in-bondage-by-cs-lewis/', 'https://librivox.org/short-poetry-collection-001/', 'https://librivox.org/short-poetry-collection-002/', 'https://librivox.org/short-poetry-collection-003/']"
28,Near and Far,"['https://librivox.org/a-ballad-of-john-silver-by-john-masefield/', 'https://librivox.org/art-and-heart-by-ella-wheeler-wilcox/', 'https://librivox.org/a-vagabond-song-by-bliss-carman/', 'https://librivox.org/death-be-not-proud-by-john-donne/', 'https://librivox.org/a-noiseless-patient-spider-by-walt-whitman/']"
29,Hindu Book of Astrology,"['https://librivox.org/is-he-popenjoy-by-anthony-trollope/', 'https://librivox.org/mudfog-and-other-sketches-by-charles-dickens/', 'https://librivox.org/invention-and-discovery-curious-facts-and-characteristic-sketches-by-unknown/', 'https://librivox.org/st-rose-of-lima-the-flower-of-the-new-world-by-florence-mary-capes/', 'https://librivox.org/the-mummy-and-miss-nitocris-a-phantasy-of-the-fourth-dimension-by-george-griffith/']"
30,Journey to the Centre of the Earth,"['https://librivox.org/bleak-house-by-charles-dickens/', 'https://librivox.org/penguin-island-by-anatole-france/', 'https://librivox.org/this-side-of-paradise-by-f-scott-fitzgerald', 'https://librivox.org/the-odyssey-by-homer/', 'https://librivox.org/the-divine-comedy-by-dante-alighieri/']"
31,"Wit and Humor of America, Vol 05","['https://librivox.org/the-junior-classics-vol-1-by-william-patten/', 'https://librivox.org/crome-yellow-by-aldous-huxley/', 'https://librivox.org/little-wizard-stories-of-oz-by-l-frank-baum/', 'https://librivox.org/reginald-by-saki/', 'https://librivox.org/the-little-lame-prince-by-miss-mulock/']"
32,Brief Account of the Bahai Movement,"['https://librivox.org/unbeaten-tracks-in-japan-by-isabella-l-bird/', 'https://librivox.org/a-vindication-of-the-rights-of-woman-by-mary-wollstonecraft/', 'https://librivox.org/the-getting-of-wisdom-by-henry-handel-richardson/', 'https://librivox.org/the-consolation-of-philosophy-by-boethius/', 'https://librivox.org/mrs-caudles-curtain-lectures-by-douglas-william-jerrold/']"
33,Reconciliation of Races and Religions,"['https://librivox.org/unbeaten-tracks-in-japan-by-isabella-l-bird/', 'https://librivox.org/the-truth-about-jesus-is-he-a-myth-by-m-m-mangasarian/', 'https://librivox.org/a-vindication-of-the-rights-of-woman-by-mary-wollstonecraft/', 'https://librivox.org/the-consolation-of-philosophy-by-boethius/', 'https://librivox.org/mrs-caudles-curtain-lectures-by-douglas-william-jerrold/']"
34,Witches of New York,"['https://librivox.org/unbeaten-tracks-in-japan-by-isabella-l-bird/', 'https://librivox.org/ranald-bannermans-boyhood-by-george-macdonald/', 'https://librivox.org/a-vindication-of-the-rights-of-woman-by-mary-wollstonecraft/', 'https://librivox.org/the-consolation-of-philosophy-by-boethius/', 'https://librivox.org/mrs-caudles-curtain-lectures-by-douglas-william-jerrold/']"
35,Mad Planet,"['https://librivox.org/introduction-to-the-philosophy-of-history-by-georg-wilhelm-freidreich-hegel/', 'https://librivox.org/sir-gawain-and-the-green-knight-neilson-version/', 'https://librivox.org/women-in-love-by-d-h-lawrence/', 'https://librivox.org/the-confessions-by-saint-augustine-of-hippo/', 'https://librivox.org/valley-of-silent-men-by-j-o-curwood/', 'https://librivox.org/sir-gawain-and-the-green-knight/']"
36,Tom Swift in Captivity,"['https://librivox.org/present-at-a-hanging-by-ambrose-bierce/', 'https://librivox.org/book-of-john/', 'https://librivox.org/buccaneers-and-the-pirates-of-our-coast/', 'https://librivox.org/vanity-fair-by-william-makepeace-thackeray/', 'https://librivox.org/three-men-in-a-boat-by-jerome-k-jerome/']"
37,Old Manor House,"['https://librivox.org/the-life-of-charlotte-bronte-volume-1-by-elizabeth-cleghorn-gaskell/', 'https://librivox.org/the-professor-by-charlotte-bronte/', 'https://librivox.org/the-wide-wide-world-by-susan-warner/', 'https://librivox.org/lavender-and-old-lace-by-myrtle-reed/', 'https://librivox.org/esther-waters-by-george-moore/']"
38,Rachel Ray,"['https://librivox.org/the-rosary-by-florence-louisa-barclay/', 'https://librivox.org/queen-lucia-by-edward-frederic-benson/', 'https://librivox.org/the-last-of-the-mohicans-by-james-fenimore-cooper/', 'https://librivox.org/anne-of-the-island-by-lucy-maud-montgomery/', 'https://librivox.org/if-by-rudyard-kipling/']"
39,Rose in Bloom,"['https://librivox.org/the-adventures-of-huckleberry-finn-by-mark-twain/', 'https://librivox.org/unbeaten-tracks-in-japan-by-isabella-l-bird/', 'https://librivox.org/a-vindication-of-the-rights-of-woman-by-mary-wollstonecraft/', 'https://librivox.org/the-consolation-of-philosophy-by-boethius/', 'https://librivox.org/mrs-caudles-curtain-lectures-by-douglas-william-jerrold/']"
40,In Defense of Harriet Shelley,"['https://librivox.org/uncle-toms-cabin-by-harriet-beecher-stowe/', 'https://librivox.org/chapters-from-my-authobiography-by-mark-twain/', 'https://librivox.org/the-prince-and-the-pauper-by-mark-twain/', 'https://librivox.org/the-stolen-white-elephant-by-mark-twain/', 'https://librivox.org/the-innocents-abroad-by-mark-twain/']"
41,Story of Peterloo,"['https://librivox.org/capital-volume-1-by-karl-marx/', 'https://librivox.org/the-point-of-honor-by-joseph-conrad/', 'https://librivox.org/hist-of-england-thru-james-ii-vol-3-ch-14-by-macaulay/', 'https://librivox.org/the-history-of-england-from-the-accession-of-james-iivol-3-ch-15-by-thomas-babbington-macauley/', 'https://librivox.org/vices-are-not-crimes-by-lysander-spooner/']"
42,Silver Filigree,"['https://librivox.org/art-and-heart-by-ella-wheeler-wilcox/', 'https://librivox.org/a-vagabond-song-by-bliss-carman/', 'https://librivox.org/death-be-not-proud-by-john-donne/', 'https://librivox.org/a-noiseless-patient-spider-by-walt-whitman/', 'https://librivox.org/i-do-not-love-thee-by-caroline-norton/']"
43,Bible (KJV) NT 27: Revelation,"['https://librivox.org/rilla-of-ingleside-by-lucy-maud-montgomery/', 'https://librivox.org/book-of-john/', 'https://librivox.org/the-sermon-on-the-mount-selections-from-the-king-james-bible/', 'https://librivox.org/bible-kjv-nt-03-luke/', 'https://librivox.org/the-ballad-of-reading-gaol-by-oscar-wilde-ll/']"
44,"Pride and Prejudice (version 6, dramatic reading)","['https://librivox.org/letters-of-two-brides-by-honore-de-balzac/', 'https://librivox.org/bleak-house-by-charles-dickens/', 'https://librivox.org/this-side-of-paradise-by-f-scott-fitzgerald', 'https://librivox.org/the-adventures-of-huckleberry-finn-by-mark-twain/', 'https://librivox.org/the-odyssey-by-homer/']"
45,Mysterious Island (version 2),"['https://librivox.org/letters-of-two-brides-by-honore-de-balzac/', 'https://librivox.org/bleak-house-by-charles-dickens/', 'https://librivox.org/this-side-of-paradise-by-f-scott-fitzgerald', 'https://librivox.org/the-adventures-of-huckleberry-finn-by-mark-twain/', 'https://librivox.org/the-odyssey-by-homer/']"
46,"Historical Tales, Vol VI: French","['https://librivox.org/the-acadian-exiles-a-chronicle-of-the-land-of-evangeline/', 'https://librivox.org/ball-of-fat-by-guy-de-maupassant/', 'https://librivox.org/lilith-by-george-macdonald/', 'https://librivox.org/the-book-of-art-for-young-people-by-agnes-ethel-conway-and-sir-martin-conway/', 'https://librivox.org/the-life-of-cicero-vol-i-by-anthony-trollope/']"
47,Commentary on Galatians,"['https://librivox.org/the-voyage-of-the-beagle-by-charles-darwin/', 'https://librivox.org/galatians-asv-ss/', 'https://librivox.org/the-first-epistle-of-john/', 'https://librivox.org/the-first-epistle-of-paul-the-apostle-to-timothy-asv-ss/', 'https://librivox.org/the-second-epistle-of-paul-the-apostle-to-timothy-asv-ss/']"
48,Big Time,"['https://librivox.org/hamlet-by-william-shakespeare/', 'https://librivox.org/twelfth-night-by-william-shakespeare/', 'https://librivox.org/the-pirates-of-penzance-by-william-s-gilbert-and-sir-arthur-sullivan/', 'https://librivox.org/the-story-of-the-treasure-seekers-by-e-nesbit/', 'https://librivox.org/railway-children-by-e-nesbit/']"
49,Bible (KJV) NT 08: 2 Corinthians,"['https://librivox.org/unbeaten-tracks-in-japan-by-isabella-l-bird/', 'https://librivox.org/a-vindication-of-the-rights-of-woman-by-mary-wollstonecraft/', 'https://librivox.org/the-consolation-of-philosophy-by-boethius/', 'https://librivox.org/mrs-caudles-curtain-lectures-by-douglas-william-jerrold/', 'https://librivox.org/the-merry-adventures-of-robin-hood-by-howard-pyle/']"
50,French History for English Children,"['https://librivox.org/unbeaten-tracks-in-japan-by-isabella-l-bird/', 'https://librivox.org/a-vindication-of-the-rights-of-woman-by-mary-wollstonecraft/', 'https://librivox.org/the-consolation-of-philosophy-by-boethius/', 'https://librivox.org/mrs-caudles-curtain-lectures-by-douglas-william-jerrold/', 'https://librivox.org/the-merry-adventures-of-robin-hood-by-howard-pyle/']"
51,Omens and Superstitions of Southern India,"['https://librivox.org/the-symposium-by-plato/', 'https://librivox.org/omens-and-superstitions-of-southern-india-by-edgar-thurston/', 'https://librivox.org/dawn-by-eleanor-h-porter/', 'https://librivox.org/tenting-to-night-a-chronicle-of-sport-and-adventure-in-glacier-park-and-the-cascade-mountains-by-mary-roberts-rinehart/', 'https://librivox.org/the-rainbow-by-d-h-lawrence-version-2/']"
52,Pieces of Hate and other Enthusiasms,"['https://librivox.org/der-struwwelpeter-by-heinrich-hofmann-german2/', 'https://librivox.org/der-struwwelpeter-von-heinrich-hoffman/', 'https://librivox.org/crome-yellow-by-aldous-huxley/', 'https://librivox.org/struwwelpeter-english-by-heinrich-hoffman/', 'https://librivox.org/struwwelpeter-by-heinrich-hofmann-english2/', 'https://librivox.org/little-wizard-stories-of-oz-by-l-frank-baum/', 'https://librivox.org/reginald-by-saki/']"
53,Candida,"['https://librivox.org/letters-of-two-brides-by-honore-de-balzac/', 'https://librivox.org/bleak-house-by-charles-dickens/', 'https://librivox.org/this-side-of-paradise-by-f-scott-fitzgerald', 'https://librivox.org/the-adventures-of-huckleberry-finn-by-mark-twain/', 'https://librivox.org/the-odyssey-by-homer/']"
54,Wound Dresser,"['https://librivox.org/the-last-of-the-mohicans-by-james-fenimore-cooper/', 'https://librivox.org/my-man-jeeves-by-p-g-wodehouse/', 'https://librivox.org/dear-enemy-by-jean-webster/', 'https://librivox.org/declaration-of-rights-by-the-stamp-act-congress-of-1765/', 'https://librivox.org/a-noiseless-patient-spider-by-walt-whitman/']"
55,Three Men on the Bummel (Version 2),"['https://librivox.org/robert-ohara-burke-by-andrew-jackson/', 'https://librivox.org/three-men-in-a-boat-by-jerome-k-jerome/', 'https://librivox.org/souls-of-black-folks-by-web-du-bois/', 'https://librivox.org/ozma-of-oz-dramatic-reading-by-l-frank-baum/', 'https://librivox.org/democracy-in-america-vol-i-by-alexis-de-tocqueville/']"
56,Selected Short Stories,"['https://librivox.org/the-getting-of-wisdom-by-henry-handel-richardson/', 'https://librivox.org/a-girl-of-the-limberlost-by-gene-stratton-porter/', 'https://librivox.org/a-connecticut-yankee-in-king-arthurs-court-by-mark-twain/', 'https://librivox.org/cathay-by-ezra-pound/', 'https://librivox.org/crome-yellow-by-aldous-huxley/']"
57,Days Too Short,"['https://librivox.org/art-and-heart-by-ella-wheeler-wilcox/', 'https://librivox.org/a-vagabond-song-by-bliss-carman/', 'https://librivox.org/death-be-not-proud-by-john-donne/', 'https://librivox.org/a-noiseless-patient-spider-by-walt-whitman/', 'https://librivox.org/i-do-not-love-thee-by-caroline-norton/']"
58,Elves and Heroes,"['https://librivox.org/unbeaten-tracks-in-japan-by-isabella-l-bird/', 'https://librivox.org/a-vindication-of-the-rights-of-woman-by-mary-wollstonecraft/', 'https://librivox.org/the-consolation-of-philosophy-by-boethius/', 'https://librivox.org/mrs-caudles-curtain-lectures-by-douglas-william-jerrold/', 'https://librivox.org/the-merry-adventures-of-robin-hood-by-howard-pyle/']"
59,Shakespeare and Music,"['https://librivox.org/hamlet-by-william-shakespeare/', 'https://librivox.org/the-tragedy-of-king-richard-ii-by-william-shakespeare/', 'https://librivox.org/the-oresteia-by-aeschylus/', 'https://librivox.org/romeo-and-juliet-version-2-by-william-shakespeare/', 'https://librivox.org/ozma-of-oz-dramatic-reading-by-l-frank-baum/']"
60,Dawn,"['https://librivox.org/this-side-of-paradise-by-f-scott-fitzgerald', 'https://librivox.org/unbeaten-tracks-in-japan-by-isabella-l-bird/', 'https://librivox.org/a-vindication-of-the-rights-of-woman-by-mary-wollstonecraft/', 'https://librivox.org/the-consolation-of-philosophy-by-boethius/', 'https://librivox.org/mrs-caudles-curtain-lectures-by-douglas-william-jerrold/']"
61,Five Children and It (Version 2),"['https://librivox.org/the-wind-in-the-willows-by-kenneth-grahame-2/', 'https://librivox.org/an-international-episode-by-henry-james/', 'https://librivox.org/old-christmas-by-washington-irving/', 'https://librivox.org/northanger-abbey-by-jane-austen/', 'https://librivox.org/five-children-and-it-by-e-nesbit/']"
62,Owl Critic,"['https://librivox.org/letters-of-two-brides-by-honore-de-balzac/', 'https://librivox.org/bleak-house-by-charles-dickens/', 'https://librivox.org/this-side-of-paradise-by-f-scott-fitzgerald', 'https://librivox.org/the-adventures-of-huckleberry-finn-by-mark-twain/', 'https://librivox.org/the-odyssey-by-homer/']"
63,Black Fawn,"['https://librivox.org/unbeaten-tracks-in-japan-by-isabella-l-bird/', 'https://librivox.org/a-vindication-of-the-rights-of-woman-by-mary-wollstonecraft/', 'https://librivox.org/the-consolation-of-philosophy-by-boethius/', 'https://librivox.org/mrs-caudles-curtain-lectures-by-douglas-william-jerrold/', 'https://librivox.org/the-merry-adventures-of-robin-hood-by-howard-pyle/']"
64,Emily Fox-Seton,"['https://librivox.org/alices-adventures-in-wonderland-by-lewis-carroll/', 'https://librivox.org/the-key-of-gold-23-czech-folk-tales-translated-by-joseph-baudis/', 'https://librivox.org/the-enchanted-castle-by-e-nesbit/', 'https://librivox.org/the-lilac-fairy-book-edited-by-andrew-lang/', 'https://librivox.org/wonderwings-and-other-fairy-stories-by-edith-howes/']"
65,"Bostonians, Vol. 1 & 2","['https://librivox.org/bleak-house-by-charles-dickens/', 'https://librivox.org/this-side-of-paradise-by-f-scott-fitzgerald', 'https://librivox.org/the-odyssey-by-homer/', 'https://librivox.org/the-divine-comedy-by-dante-alighieri/', 'https://librivox.org/uncle-toms-cabin-by-harriet-beecher-stowe/']"
66,Absalom and Achitophel,"['https://librivox.org/unbeaten-tracks-in-japan-by-isabella-l-bird/', 'https://librivox.org/a-vindication-of-the-rights-of-woman-by-mary-wollstonecraft/', 'https://librivox.org/the-consolation-of-philosophy-by-boethius/', 'https://librivox.org/mrs-caudles-curtain-lectures-by-douglas-william-jerrold/', 'https://librivox.org/the-merry-adventures-of-robin-hood-by-howard-pyle/']"
67,Curious Republic of Gondour and Other Whimsical Sketches,"['https://librivox.org/uncle-toms-cabin-by-harriet-beecher-stowe/', 'https://librivox.org/chapters-from-my-authobiography-by-mark-twain/', 'https://librivox.org/reginald-by-saki/', 'https://librivox.org/the-prince-and-the-pauper-by-mark-twain/', 'https://librivox.org/the-stolen-white-elephant-by-mark-twain/']"
68,Popular History of France from the Earliest Times vol 5,"['https://librivox.org/the-three-musketeers-by-alexandre-dumas/', 'https://librivox.org/songs-of-innocence-and-experience-by-william-blake/', 'https://librivox.org/the-gift-of-the-magi-by-o-henry/', 'https://librivox.org/song-my-paddle-sings-by-e-pauline-johnson/', 'https://librivox.org/the-story-of-doctor-dolittle-by-hugh-lofting/']"
69,Ballad of the White Horse (Version 2),"['https://librivox.org/god-and-the-state-by-mikhail-bakunin/', 'https://librivox.org/lair_of_the_white_worm_by_bram_stoker/', 'https://librivox.org/the-sorrows-of-young-werther-by-johann-wolfgang-von-goethe/', 'https://librivox.org/the-ballad-of-the-white-horse-by-gk-chesterton/', 'https://librivox.org/dead-souls-by-gogol-trans-hogarth/']"
70,Seven Secrets,"['https://librivox.org/present-at-a-hanging-by-ambrose-bierce/', 'https://librivox.org/the-golden-goose-book-by-l-leslie-brooke/', 'https://librivox.org/the-man-who-was-thursday-a-nightmare-by-gk-chesterton/', 'https://librivox.org/the-moonstone-by-wilkie-collins/', 'https://librivox.org/romeo-and-juliet-version-2-by-william-shakespeare/']"
71,Mysteries of Paris - Volume 1,"['https://librivox.org/beyond-good-and-evil-by-friedrich-nietzsche/', 'https://librivox.org/the-faerie-queene-book-1-by-edmund-spenser/', 'https://librivox.org/our-mutual-friend-by-charles-dickens/', 'https://librivox.org/uncle-remus-by-joel-chandler-harris/', 'https://librivox.org/the-spy-by-james-fenimore-cooper/', 'https://librivox.org/the-spy-by-richard-harding-davis/']"
72,Nature's Miracles Volume 2: Energy and Vibration,"['https://librivox.org/bleak-house-by-charles-dickens/', 'https://librivox.org/this-side-of-paradise-by-f-scott-fitzgerald', 'https://librivox.org/the-odyssey-by-homer/', 'https://librivox.org/the-divine-comedy-by-dante-alighieri/', 'https://librivox.org/uncle-toms-cabin-by-harriet-beecher-stowe/']"
73,Clear Crystals,"['https://librivox.org/bib-ballads-by-ring-lardner/', 'https://librivox.org/poems-and-prose-for-the-departed-vol-01/', 'https://librivox.org/to-autumn-by-john-keats/', 'https://librivox.org/the-science-of-being-well-by-wallace-d-wattles/', 'https://librivox.org/clear-crystals-by-clara-m-beede/']"
74,Light of Egypt Volume II,"['https://librivox.org/kwaidan-stories-and-studies-of-strange-things-by-lafcadio-hearn/', 'https://librivox.org/lair_of_the_white_worm_by_bram_stoker/', 'https://librivox.org/the-interesting-narrative-of-the-life-of-olaudah-equiano-by-olaudah-equiano/', 'https://librivox.org/le-morte-darthur-volume-1-by-sir-thomas-malory/', 'https://librivox.org/the-bird-study-book-by-thomas-gilbert-pearson/']"
75,"Children's Short Works, Vol. 012","['https://librivox.org/short-poetry-collection-001/', 'https://librivox.org/short-poetry-collection-002/', 'https://librivox.org/short-poetry-collection-003/', 'https://librivox.org/short-story-collection-006/', 'https://librivox.org/long-poems-collection-001/']"
76,"Bible (KJV) NT 09-12: Galatians, Ephesians, Philippians, Colossians","['https://librivox.org/unbeaten-tracks-in-japan-by-isabella-l-bird/', 'https://librivox.org/a-vindication-of-the-rights-of-woman-by-mary-wollstonecraft/', 'https://librivox.org/the-consolation-of-philosophy-by-boethius/', 'https://librivox.org/mrs-caudles-curtain-lectures-by-douglas-william-jerrold/', 'https://librivox.org/the-merry-adventures-of-robin-hood-by-howard-pyle/']"
77,Green Rust,"['https://librivox.org/kept-in-the-dark-by-anthony-trollope/', 'https://librivox.org/the-shadow-of-the-rope-by-e-w-hornung/', 'https://librivox.org/our-mr-wrenn-by-sinclair-lewis/', 'https://librivox.org/the-innocents-a-story-for-lovers-by-sinclair-lewis/', 'https://librivox.org/pointed-roofs-by-dorothy-richardson/']"
78,Bible (KJV) NT 04: John,"['https://librivox.org/bleak-house-by-charles-dickens/', 'https://librivox.org/this-side-of-paradise-by-f-scott-fitzgerald', 'https://librivox.org/the-odyssey-by-homer/', 'https://librivox.org/the-divine-comedy-by-dante-alighieri/', 'https://librivox.org/uncle-toms-cabin-by-harriet-beecher-stowe/']"
79,"Rivals of Sherlock Holmes, Vol. 1","['https://librivox.org/short-poetry-collection-001/', 'https://librivox.org/short-poetry-collection-002/', 'https://librivox.org/short-poetry-collection-003/', 'https://librivox.org/short-story-collection-006/', 'https://librivox.org/little-wizard-stories-of-oz-by-l-frank-baum/']"
80,Diamond Cross Mystery,"['https://librivox.org/a-study-in-scarlet-by-sir-arthur-conan-doyle/', 'https://librivox.org/no-clue-a-mystery-story-by-james-hay/', 'https://librivox.org/the-red-thumb-mark-by-r-austin-freeman/', 'https://librivox.org/nobodys-boy-by-hector-malot/', 'https://librivox.org/for-treasure-bound-by-harry-collingwood/']"
81,"Letters of Mrs. Adams, the Wife of John Adams, Vol. 1","['https://librivox.org/the-spy-by-james-fenimore-cooper/', 'https://librivox.org/common-sense-by-thomas-paine/', 'https://librivox.org/moon-metal-by-garrett-p-serviss/', 'https://librivox.org/agnes-grey-by-anne-bronte/', 'https://librivox.org/old-mother-west-wind-by-thornton-w-burgess/', 'https://librivox.org/the-spy-by-richard-harding-davis/']"
82,Sorceress of the Strand,"['https://librivox.org/the-circular-staircase-by-mary-roberts-rinehart/', 'https://librivox.org/the-devils-pool-by-george-sand/', 'https://librivox.org/the-advance-of-science-in-the-last-half-century-by-t-h-huxley/', 'https://librivox.org/fanny-herself-by-edna-ferber/', 'https://librivox.org/famous-modern-ghost-stories-by-dorothy-scarborough/']"
83,Captains of Industry,"['https://librivox.org/unbeaten-tracks-in-japan-by-isabella-l-bird/', 'https://librivox.org/ranald-bannermans-boyhood-by-george-macdonald/', 'https://librivox.org/a-vindication-of-the-rights-of-woman-by-mary-wollstonecraft/', 'https://librivox.org/the-consolation-of-philosophy-by-boethius/', 'https://librivox.org/mrs-caudles-curtain-lectures-by-douglas-william-jerrold/']"
84,Sintram and His Companions,"['https://librivox.org/lord-jim-by-joseph-conrad', 'https://librivox.org/the-three-musketeers-by-alexandre-dumas/', 'https://librivox.org/dracula-by-bram-stoker/', 'https://librivox.org/the-picture-of-dorian-gray-by-oscar-wilde/', 'https://librivox.org/the-prince-and-the-pauper-by-mark-twain/']"
85,Bertram Cope's Year,"['https://librivox.org/unbeaten-tracks-in-japan-by-isabella-l-bird/', 'https://librivox.org/a-vindication-of-the-rights-of-woman-by-mary-wollstonecraft/', 'https://librivox.org/the-getting-of-wisdom-by-henry-handel-richardson/', 'https://librivox.org/the-consolation-of-philosophy-by-boethius/', 'https://librivox.org/mrs-caudles-curtain-lectures-by-douglas-william-jerrold/']"
86,After Music,"['https://librivox.org/letters-of-two-brides-by-honore-de-balzac/', 'https://librivox.org/bleak-house-by-charles-dickens/', 'https://librivox.org/this-side-of-paradise-by-f-scott-fitzgerald', 'https://librivox.org/the-odyssey-by-homer/', 'https://librivox.org/the-divine-comedy-by-dante-alighieri/']"
87,Sunset in the Tropics,"['https://librivox.org/unbeaten-tracks-in-japan-by-isabella-l-bird/', 'https://librivox.org/a-vindication-of-the-rights-of-woman-by-mary-wollstonecraft/', 'https://librivox.org/the-consolation-of-philosophy-by-boethius/', 'https://librivox.org/mrs-caudles-curtain-lectures-by-douglas-william-jerrold/', 'https://librivox.org/the-merry-adventures-of-robin-hood-by-howard-pyle/']"
88,Short Ghost and Horror Collection 014,"['https://librivox.org/the-adventures-of-sherlock-holmes/', 'https://librivox.org/the-canterbury-tales-by-geoffrey-chaucer/', 'https://librivox.org/king-in-yellow-by-robert-w-chambers/', 'https://librivox.org/raffles-further-adventures-of-the-amateur-cracksman/', 'https://librivox.org/the-circular-staircase-by-mary-roberts-rinehart/']"
89,Rocks and Their Origins,"['https://librivox.org/the-velveteen-rabbit-duet-by-margery-williams/', 'https://librivox.org/paradise-lost-by-john-milton/', 'https://librivox.org/the-critique-of-pure-reason-by-immanuel-kant', 'https://librivox.org/captain-blood-by-rafael-sabatini', 'https://librivox.org/the-circular-staircase-by-mary-roberts-rinehart/']"
90,"'Co. Aytch,' Maury Grays, First Tennessee Regiment or, A Side Show of the Big Show","['https://librivox.org/barbara-frietchie-by-john-greenleaf-whittier/', 'https://librivox.org/uncle-remus-by-joel-chandler-harris/', 'https://librivox.org/the-gettysburg-address-by-abraham-lincoln-version-2/', 'https://librivox.org/us-historical-documents/', 'https://librivox.org/the-congo-by-vachel-lindsay/']"
91,Treatise on the Power and Primacy of the Pope,"['https://librivox.org/epistles-of-john-king-james-version/', 'https://librivox.org/the-adventures-of-jimmie-dale-by-frank-l-packard/', 'https://librivox.org/the-voyage-out-by-virginia-woolf/', 'https://librivox.org/the-white-moll-by-frank-l-packard/', 'https://librivox.org/the-large-catechism-by-martin-luther/']"
92,Hunting Dogs,"['https://librivox.org/leviathan-books-i-and-ii-by-thomas-hobbes/', 'https://librivox.org/robinson-crusoe-in-words-of-one-syllable-by-mary-godolphin/', 'https://librivox.org/stories-of-king-arthur-and-his-knights-by-u-waldo-cutler/', 'https://librivox.org/the-kingdom-of-god-is-within-you-by-leo-tolstoy/', 'https://librivox.org/in-kent-with-charles-dickens-by-thomas-frost/']"
93,Gwen Wynn - A Romance of the Wye,"['https://librivox.org/chamber-music-by-james-joyce/', 'https://librivox.org/the-enchiridion-by-saint-augustine/', 'https://librivox.org/the-extermination-of-the-american-bison-by-william-t-hornaday/', 'https://librivox.org/the-first-epistle-of-john/', 'https://librivox.org/a-drama-of-exile-by-elizabeth-barrett-browning/']"
94,Prussian Officer,"['https://librivox.org/poems-every-child-should-know-edited-by-mary-e-burt/', 'https://librivox.org/crome-yellow-by-aldous-huxley/', 'https://librivox.org/little-wizard-stories-of-oz-by-l-frank-baum/', 'https://librivox.org/reginald-by-saki/', 'https://librivox.org/the-little-lame-prince-by-miss-mulock/']"
95,Mary Marston,"['https://librivox.org/unbeaten-tracks-in-japan-by-isabella-l-bird/', 'https://librivox.org/ranald-bannermans-boyhood-by-george-macdonald/', 'https://librivox.org/a-vindication-of-the-rights-of-woman-by-mary-wollstonecraft/', 'https://librivox.org/the-consolation-of-philosophy-by-boethius/', 'https://librivox.org/mrs-caudles-curtain-lectures-by-douglas-william-jerrold/']"
96,"Treasury of David, Vol. 2 (Abridged)","['https://librivox.org/unbeaten-tracks-in-japan-by-isabella-l-bird/', 'https://librivox.org/a-vindication-of-the-rights-of-woman-by-mary-wollstonecraft/', 'https://librivox.org/the-consolation-of-philosophy-by-boethius/', 'https://librivox.org/mrs-caudles-curtain-lectures-by-douglas-william-jerrold/', 'https://librivox.org/the-merry-adventures-of-robin-hood-by-howard-pyle/']"
97,Birthplace,"['https://librivox.org/unbeaten-tracks-in-japan-by-isabella-l-bird/', 'https://librivox.org/a-vindication-of-the-rights-of-woman-by-mary-wollstonecraft/', 'https://librivox.org/the-consolation-of-philosophy-by-boethius/', 'https://librivox.org/mrs-caudles-curtain-lectures-by-douglas-william-jerrold/', 'https://librivox.org/the-importance-of-being-earnest-by-oscar-wilde/']"
98,Desperate Remedies,"['https://librivox.org/romeo-and-juliet-version-2-by-william-shakespeare/', 'https://librivox.org/heart-of-the-world-by-h-rider-haggard/', 'https://librivox.org/the-tale-of-timothy-turtle-by-arthur-scott-bailey/', 'https://librivox.org/the-tragedy-of-puddnhead-wilson-by-mark-twain/', 'https://librivox.org/the-cricket-on-the-hearth-by-charles-dickens/']"
99,Waste Land (version 3),"['https://librivox.org/the-wind-in-the-willows-by-kenneth-grahame-2/', 'https://librivox.org/queen-lucia-by-edward-frederic-benson/', 'https://librivox.org/hamlet-by-william-shakespeare/', 'https://librivox.org/the-waste-land-by-t-s-eliot/', 'https://librivox.org/the-wind-in-the-willows-by-kenneth-grahame/']"
100,Bible (KJV) 20: Proverbs,"['https://librivox.org/unbeaten-tracks-in-japan-by-isabella-l-bird/', 'https://librivox.org/a-vindication-of-the-rights-of-woman-by-mary-wollstonecraft/', 'https://librivox.org/the-consolation-of-philosophy-by-boethius/', 'https://librivox.org/mrs-caudles-curtain-lectures-by-douglas-william-jerrold/', 'https://librivox.org/the-merry-adventures-of-robin-hood-by-howard-pyle/']"
101,Bible (KJV) 14: 2 Chronicles (Version 2),"['https://librivox.org/the-pilgrims-progress-by-john-bunyan/', 'https://librivox.org/the-song-of-songs-by-solomon/', 'https://librivox.org/the-happy-prince-and-other-tales-by-oscar-wilde/', 'https://librivox.org/tristan-and-iseult-by-joseph-bedier/', 'https://librivox.org/the-tragedy-of-king-richard-ii-by-william-shakespeare/']"
102,Chancellorsville and Gettysburg,"['https://librivox.org/unbeaten-tracks-in-japan-by-isabella-l-bird/', 'https://librivox.org/uncle-toms-cabin-by-harriet-beecher-stowe/', 'https://librivox.org/a-vindication-of-the-rights-of-woman-by-mary-wollstonecraft/', 'https://librivox.org/the-consolation-of-philosophy-by-boethius/', 'https://librivox.org/mrs-caudles-curtain-lectures-by-douglas-william-jerrold/']"
103,Come Rack! Come Rope!,"['https://librivox.org/bleak-house-by-charles-dickens/', 'https://librivox.org/the-adventures-of-huckleberry-finn-by-mark-twain/', 'https://librivox.org/unbeaten-tracks-in-japan-by-isabella-l-bird/', 'https://librivox.org/ranald-bannermans-boyhood-by-george-macdonald/', 'https://librivox.org/a-vindication-of-the-rights-of-woman-by-mary-wollstonecraft/']"
104,Anna Christie,"['https://librivox.org/the-adventures-of-huckleberry-finn-by-mark-twain/', 'https://librivox.org/unbeaten-tracks-in-japan-by-isabella-l-bird/', 'https://librivox.org/a-vindication-of-the-rights-of-woman-by-mary-wollstonecraft/', 'https://librivox.org/the-consolation-of-philosophy-by-boethius/', 'https://librivox.org/mrs-caudles-curtain-lectures-by-douglas-william-jerrold/']"
105,Growing Old,"['https://librivox.org/letters-of-two-brides-by-honore-de-balzac/', 'https://librivox.org/bleak-house-by-charles-dickens/', 'https://librivox.org/this-side-of-paradise-by-f-scott-fitzgerald', 'https://librivox.org/the-adventures-of-huckleberry-finn-by-mark-twain/', 'https://librivox.org/the-odyssey-by-homer/']"
106,You Bid Me Try,"['https://librivox.org/letters-of-two-brides-by-honore-de-balzac/', 'https://librivox.org/bleak-house-by-charles-dickens/', 'https://librivox.org/this-side-of-paradise-by-f-scott-fitzgerald', 'https://librivox.org/the-odyssey-by-homer/', 'https://librivox.org/the-divine-comedy-by-dante-alighieri/']"
107,Andes and The Amazon,"['https://librivox.org/unbeaten-tracks-in-japan-by-isabella-l-bird/', 'https://librivox.org/a-vindication-of-the-rights-of-woman-by-mary-wollstonecraft/', 'https://librivox.org/the-consolation-of-philosophy-by-boethius/', 'https://librivox.org/mrs-caudles-curtain-lectures-by-douglas-william-jerrold/', 'https://librivox.org/the-merry-adventures-of-robin-hood-by-howard-pyle/']"
108,"Ramayan, Book 2","['https://librivox.org/the-adventures-of-jimmie-dale-by-frank-l-packard/', 'https://librivox.org/the-ramayana-book-1-by-valmiki/', 'https://librivox.org/tanglewood-tales-by-nathaniel-hawthorne/', 'https://librivox.org/beasts-men-and-gods-by-ferdinand-ossendowski/', 'https://librivox.org/the-blithedale-romance-by-nathaniel-hawthorne/']"
109,Fairy Tales Every Child Should Know,"['https://librivox.org/american-indian-fairy-tales-by-william-trowbridge-larned/', 'https://librivox.org/andersens-fairy-tales-by-hc-andersen/', 'https://librivox.org/fairy-tales-by-the-brothers-grimm/', 'https://librivox.org/the-golden-goose-book-by-l-leslie-brooke/', 'https://librivox.org/time-and-the-gods-by-lord-dunsany/']"
110,Short Nonfiction Collection Vol. 022,"['https://librivox.org/spirits-in-bondage-by-cs-lewis/', 'https://librivox.org/short-poetry-collection-001/', 'https://librivox.org/short-poetry-collection-002/', 'https://librivox.org/short-poetry-collection-003/', 'https://librivox.org/short-story-collection-006/']"
111,Violet: A Fairy Story,"['https://librivox.org/a-girl-of-the-limberlost-by-gene-stratton-porter/', 'https://librivox.org/beyond-good-and-evil-by-friedrich-nietzsche/', 'https://librivox.org/the-innocents-abroad-by-mark-twain/', 'https://librivox.org/three-short-works-by-gustav-flaubert/', 'https://librivox.org/history-of-england-volume-1-chapter-1/']"
112,Bible (KJV) NT 19: Hebrews,"['https://librivox.org/bible-kjv-nt-03-luke/', 'https://librivox.org/book-of-matthew-web/', 'https://librivox.org/galatians-web/', 'https://librivox.org/the-sorrows-of-young-werther-by-johann-wolfgang-von-goethe/', 'https://librivox.org/galatians-asv-ss/']"
113,John Marchmont's Legacy,"['https://librivox.org/the-price-of-love-by-arnold-bennett/', 'https://librivox.org/love-among-the-chickens-by-p-g-wodehouse', 'https://librivox.org/wuthering-heights-by-emily-bronte/', 'https://librivox.org/a-room-with-a-view-by-em-forster/', 'https://librivox.org/man-of-property-by-john-galsworthy/']"
114,Psychopathology of Everyday Life,"['https://librivox.org/letters-of-two-brides-by-honore-de-balzac/', 'https://librivox.org/unbeaten-tracks-in-japan-by-isabella-l-bird/', 'https://librivox.org/a-vindication-of-the-rights-of-woman-by-mary-wollstonecraft/', 'https://librivox.org/the-consolation-of-philosophy-by-boethius/', 'https://librivox.org/mrs-caudles-curtain-lectures-by-douglas-william-jerrold/']"
115,Democracy - An American Novel,"['https://librivox.org/the-last-of-the-mohicans-by-james-fenimore-cooper/', 'https://librivox.org/my-man-jeeves-by-p-g-wodehouse/', 'https://librivox.org/declaration-of-rights-by-the-stamp-act-congress-of-1765/', 'https://librivox.org/danse-russe-by-william-carlos-williams/', 'https://librivox.org/lincoln-at-cooper-union-by-abraham-lincoln/']"
116,Mr H,"['https://librivox.org/the-adventures-of-huckleberry-finn-by-mark-twain/', 'https://librivox.org/unbeaten-tracks-in-japan-by-isabella-l-bird/', 'https://librivox.org/uncle-toms-cabin-by-harriet-beecher-stowe/', 'https://librivox.org/a-vindication-of-the-rights-of-woman-by-mary-wollstonecraft/', 'https://librivox.org/the-consolation-of-philosophy-by-boethius/']"
117,Goldsmith's Friend Abroad Again,"['https://librivox.org/uncle-toms-cabin-by-harriet-beecher-stowe/', 'https://librivox.org/beyond-good-and-evil-by-friedrich-nietzsche/', 'https://librivox.org/chapters-from-my-authobiography-by-mark-twain/', 'https://librivox.org/the-innocents-abroad-by-mark-twain/', 'https://librivox.org/three-short-works-by-gustav-flaubert/']"
118,Elsie's Girlhood,"['https://librivox.org/persuasion-by-jane-austen/', 'https://librivox.org/additions-to-daniel/', 'https://librivox.org/the-birds-christmas-carol-by-kate-douglas-wiggin/', 'https://librivox.org/history-of-the-conquest-of-mexico-by-prescott/', 'https://librivox.org/varney-the-vampyre-vol-1-by-t-p-prest/']"
119,Black Star,"['https://librivox.org/unbeaten-tracks-in-japan-by-isabella-l-bird/', 'https://librivox.org/a-vindication-of-the-rights-of-woman-by-mary-wollstonecraft/', 'https://librivox.org/the-consolation-of-philosophy-by-boethius/', 'https://librivox.org/mrs-caudles-curtain-lectures-by-douglas-william-jerrold/', 'https://librivox.org/the-merry-adventures-of-robin-hood-by-howard-pyle/']"
120,Mysterious Key and What It Opened,"['https://librivox.org/short-story-collection-006/', 'https://librivox.org/short-story-collection-001/', 'https://librivox.org/short-story-collection-002/', 'https://librivox.org/short-story-collection-003/', 'https://librivox.org/short-story-collection-004/']"
121,Epitome of the Formula of Concord,"['https://librivox.org/how-to-cook-fish-by-olive-green/', 'https://librivox.org/the-sorrows-of-young-werther-by-johann-wolfgang-von-goethe/', 'https://librivox.org/young-adventure-by-stephen-vincent-benet/', 'https://librivox.org/epistles-of-john-king-james-version/', 'https://librivox.org/tom-swift-and-his-electric-runabout-by-victor-appleton/']"
122,Black Moth (version 2),"['https://librivox.org/the-light-princess-by-george-macdonald/', 'https://librivox.org/the-natural-history-of-selborne-by-gilbert-white/', 'https://librivox.org/sense-and-sensibility-by-jane-austen/', 'https://librivox.org/beasts-and-super-beasts-by-saki/', 'https://librivox.org/howards-end-by-em-forster/']"
123,Financier,"['https://librivox.org/a-little-princess-by-frances-hodgson-burnett/', 'https://librivox.org/daddy-long-legs-by-jean-webster/', 'https://librivox.org/robinson-crusoe-written-anew-for-children-by-james-baldwin/', 'https://librivox.org/sara-crewe-by-frances-hodgson-burnett/', 'https://librivox.org/psmith-in-the-city-by-pg-wodehouse/']"
124,"History of England, from the Accession of James II - (Volume 3, Chapter 16)","['https://librivox.org/beyond-good-and-evil-by-friedrich-nietzsche/', 'https://librivox.org/history-of-england-volume-1-chapter-5/', 'https://librivox.org/northanger-abbey-by-jane-austen/', 'https://librivox.org/our-island-story-part-1-by-he-marshall/', 'https://librivox.org/our-island-story-part-2-by-he-marshall/']"
125,Short Story Collection Vol. 049,"['https://librivox.org/unbeaten-tracks-in-japan-by-isabella-l-bird/', 'https://librivox.org/a-vindication-of-the-rights-of-woman-by-mary-wollstonecraft/', 'https://librivox.org/the-consolation-of-philosophy-by-boethius/', 'https://librivox.org/mrs-caudles-curtain-lectures-by-douglas-william-jerrold/', 'https://librivox.org/the-merry-adventures-of-robin-hood-by-howard-pyle/']"
126,Wendigo,"['https://librivox.org/epistles-of-john-king-james-version/', 'https://librivox.org/the-voyage-out-by-virginia-woolf/', 'https://librivox.org/the-country-beyond-by-james-oliver-curwood/', 'https://librivox.org/widdershins-version-2-by-oliver-onions/', 'https://librivox.org/jacobs-room-by-virginia-woolf/']"
127,Deer Godchild,"['https://librivox.org/ragged-dick-by-horatio-alger-jr/', 'https://librivox.org/kwaidan-stories-and-studies-of-strange-things-by-lafcadio-hearn/', 'https://librivox.org/familiar-letters-on-chemistry-by-justus-liebig/', 'https://librivox.org/an-englishwomans-love-letters/', 'https://librivox.org/life-in-mexico-by-frances-calderon-de-la-barca/']"
128,Chronicles of Canada Volume 18 - The 'Adventurers of England' on Hudson Bay,"['https://librivox.org/the-riddle-of-the-sands-by-erskine-childers/', 'https://librivox.org/the-golden-dream-by-rm-ballantyne/', 'https://librivox.org/the-fur-country-by-jules-verne/', 'https://librivox.org/librivox-short-nonfiction-collection-vol-002/', 'https://librivox.org/the-shirley-letters-from-california-mines-by-louise-amelia-clappe/']"
129,Two Paths,"['https://librivox.org/unbeaten-tracks-in-japan-by-isabella-l-bird/', 'https://librivox.org/a-vindication-of-the-rights-of-woman-by-mary-wollstonecraft/', 'https://librivox.org/the-consolation-of-philosophy-by-boethius/', 'https://librivox.org/mrs-caudles-curtain-lectures-by-douglas-william-jerrold/', 'https://librivox.org/the-merry-adventures-of-robin-hood-by-howard-pyle/']"
130,Problem in Modern Ethics,"['https://librivox.org/unbeaten-tracks-in-japan-by-isabella-l-bird/', 'https://librivox.org/a-vindication-of-the-rights-of-woman-by-mary-wollstonecraft/', 'https://librivox.org/the-consolation-of-philosophy-by-boethius/', 'https://librivox.org/mrs-caudles-curtain-lectures-by-douglas-william-jerrold/', 'https://librivox.org/the-merry-adventures-of-robin-hood-by-howard-pyle/']"
131,Pillow and Stone,"['https://librivox.org/letters-of-two-brides-by-honore-de-balzac/', 'https://librivox.org/bleak-house-by-charles-dickens/', 'https://librivox.org/this-side-of-paradise-by-f-scott-fitzgerald', 'https://librivox.org/the-odyssey-by-homer/', 'https://librivox.org/the-divine-comedy-by-dante-alighieri/']"
132,Bible (KJV) 21: Ecclesiastes,"['https://librivox.org/beyond-good-and-evil-by-friedrich-nietzsche/', 'https://librivox.org/dracula-by-bram-stoker/', 'https://librivox.org/the-strange-case-of-dr-jekyll-mr-hyde-by-robert-louis-stevenson/', 'https://librivox.org/lair_of_the_white_worm_by_bram_stoker/', 'https://librivox.org/heart-of-the-world-by-h-rider-haggard/']"
133,Jacqueline of Golden River,"['https://librivox.org/unbeaten-tracks-in-japan-by-isabella-l-bird/', 'https://librivox.org/a-vindication-of-the-rights-of-woman-by-mary-wollstonecraft/', 'https://librivox.org/the-consolation-of-philosophy-by-boethius/', 'https://librivox.org/mrs-caudles-curtain-lectures-by-douglas-william-jerrold/', 'https://librivox.org/the-merry-adventures-of-robin-hood-by-howard-pyle/']"
134,"Lucy Maud Montgomery Short Stories, 1905-1906","['https://librivox.org/the-adventures-of-huckleberry-finn-by-mark-twain/', 'https://librivox.org/unbeaten-tracks-in-japan-by-isabella-l-bird/', 'https://librivox.org/mother-goose-in-prose-by-l-frank-baum/', 'https://librivox.org/a-vindication-of-the-rights-of-woman-by-mary-wollstonecraft/', 'https://librivox.org/the-consolation-of-philosophy-by-boethius/']"
135,Extract from Captain Stormfield's Visit to Heaven (version 3),"['https://librivox.org/the-wind-in-the-willows-by-kenneth-grahame-2/', 'https://librivox.org/a-christmas-carol-by-charles-dickens/', 'https://librivox.org/a-connecticut-yankee-in-king-arthurs-court-by-mark-twain/', 'https://librivox.org/chapters-from-my-authobiography-by-mark-twain/', 'https://librivox.org/our-island-story-part-1-by-he-marshall/', 'https://librivox.org/christmas-carol-by-sara-teasdale/', 'https://librivox.org/a-christmas-carol-by-charles-kingsley/']"
136,Hushed Up! A Mystery of London,"['https://librivox.org/main-street-by-sinclair-lewis/', 'https://librivox.org/the-picture-of-dorian-gray-by-oscar-wilde/', 'https://librivox.org/jude-the-obscure-by-thomas-hardy/', 'https://librivox.org/the-harvester-by-gene-stratton-porter/', 'https://librivox.org/the-moonstone-by-wilkie-collins/', 'https://librivox.org/main-street-by-joyce-kilmer/']"
137,Short Poetry Collection 096,"['https://librivox.org/art-and-heart-by-ella-wheeler-wilcox/', 'https://librivox.org/cathay-by-ezra-pound/', 'https://librivox.org/a-vagabond-song-by-bliss-carman/', 'https://librivox.org/a-noiseless-patient-spider-by-walt-whitman/', 'https://librivox.org/i-do-not-love-thee-by-caroline-norton/']"
138,Whose Body? (Version 2),"['https://librivox.org/the-faerie-queene-book-1-by-edmund-spenser/', 'https://librivox.org/dream-days-by-kenneth-grahame/', 'https://librivox.org/don-quixote-vol-1-by-miguel-de-cervantes-saavedra/', 'https://librivox.org/four-max-carrados-detective-stories-by-ernest-bramah/', 'https://librivox.org/barchester-towers-by-anthony-trollope/']"
139,Vegetable Garden: A Manual for the Amateur Vegetable Gardener,"['https://librivox.org/warlord-of-kor-by-terry-carr/', 'https://librivox.org/little-lord-fauntleroy-by-frances-hodgson-burnett/', 'https://librivox.org/little-men-by-louisa-may-alcott/', 'https://librivox.org/legends-of-the-jews-volume-1-by-louis-ginzberg/', 'https://librivox.org/buddhism-and-buddhists-in-china-by-lewis-hodus/']"
140,Neighbors - Life Stories of the Other Half,"['https://librivox.org/michael-ohalloran-by-gene-stratton-porter/', 'https://librivox.org/heroes-of-the-middle-ages-by-eva-march-tappan/', 'https://librivox.org/child-life-in-art-by-estelle-m-hurll/', 'https://librivox.org/john-james-audubon-by-john-burroughs/', 'https://librivox.org/persian-self-taught-by-shaykh-hasan/']"
141,"Works of Edgar Allan Poe, Raven Edition, Volume 1","['https://librivox.org/the-junior-classics-vol-1-by-william-patten/', 'https://librivox.org/crome-yellow-by-aldous-huxley/', 'https://librivox.org/little-wizard-stories-of-oz-by-l-frank-baum/', 'https://librivox.org/reginald-by-saki/', 'https://librivox.org/the-little-lame-prince-by-miss-mulock/']"
142,"Letters Written During a Short Residence in Sweden, Norway and Denmark","['https://librivox.org/bleak-house-by-charles-dickens/', 'https://librivox.org/this-side-of-paradise-by-f-scott-fitzgerald', 'https://librivox.org/the-odyssey-by-homer/', 'https://librivox.org/the-divine-comedy-by-dante-alighieri/', 'https://librivox.org/uncle-toms-cabin-by-harriet-beecher-stowe/']"
143,"Bible (KJV) NT 21-22: 1,2 Peter","['https://librivox.org/unbeaten-tracks-in-japan-by-isabella-l-bird/', 'https://librivox.org/a-vindication-of-the-rights-of-woman-by-mary-wollstonecraft/', 'https://librivox.org/the-consolation-of-philosophy-by-boethius/', 'https://librivox.org/mrs-caudles-curtain-lectures-by-douglas-william-jerrold/', 'https://librivox.org/the-merry-adventures-of-robin-hood-by-howard-pyle/']"
144,Ecce Homo,"['https://librivox.org/the-twilight-of-the-idols-by-friedrich-nietzsche/', 'https://librivox.org/summa-theologica-prima-pars-questions-1-26-by-thomas-aquinas/', 'https://librivox.org/summa-theologica-prima-pars-trinity-and-creation-by-saint-thomas-aquinas/', 'https://librivox.org/the-green-fairy-book-by-andrew-lang/', 'https://librivox.org/devotions-upon-emergent-occasions-by-john-donne/']"
145,Song (Lowell version),"['https://librivox.org/letters-of-two-brides-by-honore-de-balzac/', 'https://librivox.org/bleak-house-by-charles-dickens/', 'https://librivox.org/this-side-of-paradise-by-f-scott-fitzgerald', 'https://librivox.org/the-odyssey-by-homer/', 'https://librivox.org/the-divine-comedy-by-dante-alighieri/']"
146,With Fire and Sword,"['https://librivox.org/bhagavad-gita-by-sir-edwin-arnold/', 'https://librivox.org/the-midnight-queen-by-may-agnes-fleming/', 'https://librivox.org/the-adventures-of-reddy-fox-by-thornton-w-burgess/', 'https://librivox.org/the-woman-who-did-by-grant-allen/', 'https://librivox.org/the-life-of-kit-carson-by-edward-s-ellis/']"
147,Flatting-Mill,"['https://librivox.org/letters-of-two-brides-by-honore-de-balzac/', 'https://librivox.org/bleak-house-by-charles-dickens/', 'https://librivox.org/this-side-of-paradise-by-f-scott-fitzgerald', 'https://librivox.org/the-odyssey-by-homer/', 'https://librivox.org/the-divine-comedy-by-dante-alighieri/']"
148,Chesterton Calendar,"['https://librivox.org/silas-marner-by-george-eliot/', 'https://librivox.org/the-innocents-abroad-by-mark-twain/', 'https://librivox.org/extracts-from-adams-diary-by-mark-twain/', 'https://librivox.org/the-story-of-my-life-by-helen-keller/', 'https://librivox.org/all-things-considered-by-g-k-chesterton/']"
149,Maid's Tragedy,"['https://librivox.org/the-adventures-of-huckleberry-finn-by-mark-twain/', 'https://librivox.org/unbeaten-tracks-in-japan-by-isabella-l-bird/', 'https://librivox.org/a-vindication-of-the-rights-of-woman-by-mary-wollstonecraft/', 'https://librivox.org/the-consolation-of-philosophy-by-boethius/', 'https://librivox.org/mrs-caudles-curtain-lectures-by-douglas-william-jerrold/']"
150,Monsieur Lecoq Part 2: The Honor of the Name,"['https://librivox.org/the-importance-of-being-earnest-by-oscar-wilde/', 'https://librivox.org/the-three-musketeers-by-alexandre-dumas/', 'https://librivox.org/the-rosary-by-florence-louisa-barclay/', 'https://librivox.org/the-eclogues-by-publius-vergilius-maro/', 'https://librivox.org/a-ballad-of-john-silver-by-john-masefield/']"
151,Flappers and Philosophers,"['https://librivox.org/mother-goose-in-prose-by-l-frank-baum/', 'https://librivox.org/poems-every-child-should-know-edited-by-mary-e-burt/', 'https://librivox.org/queen-lucia-by-edward-frederic-benson/', 'https://librivox.org/crome-yellow-by-aldous-huxley/', 'https://librivox.org/little-wizard-stories-of-oz-by-l-frank-baum/']"
152,Seeing Things at Night,"['https://librivox.org/der-struwwelpeter-by-heinrich-hofmann-german2/', 'https://librivox.org/der-struwwelpeter-von-heinrich-hoffman/', 'https://librivox.org/crome-yellow-by-aldous-huxley/', 'https://librivox.org/struwwelpeter-english-by-heinrich-hoffman/', 'https://librivox.org/struwwelpeter-by-heinrich-hofmann-english2/', 'https://librivox.org/little-wizard-stories-of-oz-by-l-frank-baum/', 'https://librivox.org/reginald-by-saki/']"
153,Bible (KJV) NT 01: Matthew,"['https://librivox.org/dream-days-by-kenneth-grahame/', 'https://librivox.org/bible-kjv-nt-03-luke/', 'https://librivox.org/book-of-matthew-web/', 'https://librivox.org/galatians-web/', 'https://librivox.org/the-sorrows-of-young-werther-by-johann-wolfgang-von-goethe/']"
154,Departed Days,"['https://librivox.org/letters-of-two-brides-by-honore-de-balzac/', 'https://librivox.org/bleak-house-by-charles-dickens/', 'https://librivox.org/this-side-of-paradise-by-f-scott-fitzgerald', 'https://librivox.org/the-odyssey-by-homer/', 'https://librivox.org/the-divine-comedy-by-dante-alighieri/']"
155,Pony Rider Boys in the Rockies,"['https://librivox.org/the-adventures-of-huckleberry-finn-by-mark-twain/', 'https://librivox.org/unbeaten-tracks-in-japan-by-isabella-l-bird/', 'https://librivox.org/a-vindication-of-the-rights-of-woman-by-mary-wollstonecraft/', 'https://librivox.org/the-consolation-of-philosophy-by-boethius/', 'https://librivox.org/mrs-caudles-curtain-lectures-by-douglas-william-jerrold/']"
156,Windy Hill,"['https://librivox.org/five-children-and-it-by-e-nesbit/', 'https://librivox.org/ulysses-by-james-joyce/', 'https://librivox.org/the-key-of-gold-23-czech-folk-tales-translated-by-joseph-baudis/', 'https://librivox.org/the-enchanted-castle-by-e-nesbit/', 'https://librivox.org/peter-pan-version-2/']"
157,Story of a Bad Boy,"['https://librivox.org/ranald-bannermans-boyhood-by-george-macdonald/', 'https://librivox.org/the-last-of-the-mohicans-by-james-fenimore-cooper/', 'https://librivox.org/my-man-jeeves-by-p-g-wodehouse/', 'https://librivox.org/black-beauty-by-anna-sewell/', 'https://librivox.org/declaration-of-rights-by-the-stamp-act-congress-of-1765/']"
158,Bible (KJV) 23: Isaiah,"['https://librivox.org/unbeaten-tracks-in-japan-by-isabella-l-bird/', 'https://librivox.org/a-vindication-of-the-rights-of-woman-by-mary-wollstonecraft/', 'https://librivox.org/the-consolation-of-philosophy-by-boethius/', 'https://librivox.org/mrs-caudles-curtain-lectures-by-douglas-william-jerrold/', 'https://librivox.org/the-merry-adventures-of-robin-hood-by-howard-pyle/']"
159,Summer (version 2),"['https://librivox.org/hamlet-by-william-shakespeare/', 'https://librivox.org/the-velveteen-rabbit-by-margery-williams/', 'https://librivox.org/the-new-england-boys-song-about-thanksgiving-day-by-lydia-maria-child/', 'https://librivox.org/the-oresteia-by-aeschylus/', 'https://librivox.org/romeo-and-juliet-version-2-by-william-shakespeare/']"
160,House of the Wolfings,"['https://librivox.org/the-adventures-of-huckleberry-finn-by-mark-twain/', 'https://librivox.org/unbeaten-tracks-in-japan-by-isabella-l-bird/', 'https://librivox.org/a-vindication-of-the-rights-of-woman-by-mary-wollstonecraft/', 'https://librivox.org/the-getting-of-wisdom-by-henry-handel-richardson/', 'https://librivox.org/the-consolation-of-philosophy-by-boethius/']"
161,History of Mr. Polly,"['https://librivox.org/the-secret-garden-by-frances-hodgson-burnett/', 'https://librivox.org/unbeaten-tracks-in-japan-by-isabella-l-bird/', 'https://librivox.org/a-vindication-of-the-rights-of-woman-by-mary-wollstonecraft/', 'https://librivox.org/the-consolation-of-philosophy-by-boethius/', 'https://librivox.org/mrs-caudles-curtain-lectures-by-douglas-william-jerrold/']"
162,Rubiyt of Omar Khayym (Fitzgerald version),"['https://librivox.org/unbeaten-tracks-in-japan-by-isabella-l-bird/', 'https://librivox.org/a-vindication-of-the-rights-of-woman-by-mary-wollstonecraft/', 'https://librivox.org/the-consolation-of-philosophy-by-boethius/', 'https://librivox.org/mrs-caudles-curtain-lectures-by-douglas-william-jerrold/', 'https://librivox.org/the-merry-adventures-of-robin-hood-by-howard-pyle/']"
163,"Wit and Humor of America, Vol 06","['https://librivox.org/the-junior-classics-vol-1-by-william-patten/', 'https://librivox.org/crome-yellow-by-aldous-huxley/', 'https://librivox.org/little-wizard-stories-of-oz-by-l-frank-baum/', 'https://librivox.org/reginald-by-saki/', 'https://librivox.org/the-little-lame-prince-by-miss-mulock/']"
164,Four Feathers,"['https://librivox.org/the-adventures-of-huckleberry-finn-by-mark-twain/', 'https://librivox.org/the-getting-of-wisdom-by-henry-handel-richardson/', 'https://librivox.org/lord-jim-by-joseph-conrad', 'https://librivox.org/the-rosary-by-florence-louisa-barclay/', 'https://librivox.org/queen-lucia-by-edward-frederic-benson/']"
165,Mrs. Peter Rabbit,"['https://librivox.org/dorothy-and-the-wizard-in-oz-by-l-frank-baum/', 'https://librivox.org/great-big-treasury-of-beatrix-potter/', 'https://librivox.org/history-of-england-volume-1-chapter-1/', 'https://librivox.org/walden-by-henry-david-thoreau/', 'https://librivox.org/the-burgess-animal-book-for-children-by-thornton-w-burgess']"
166,Diary of an Old Soul,"['https://librivox.org/police-operation-by-h-beam-piper/', 'https://librivox.org/tales-of-terror-and-mystery-by-sir-arthur-conan-doyle/', 'https://librivox.org/princess-and-the-goblin-the-by-george-macdonald/', 'https://librivox.org/the-princess-and-curdie-by-george-macdonald/', 'https://librivox.org/the-day-boy-and-the-night-girl-by-george-macdonald/']"
167,Hexaemeron,"['https://librivox.org/the-second-apology-of-justin-martyr-by-saint-justin-martyr/', 'https://librivox.org/our-mutual-friend-by-charles-dickens-librivox-version-2/', 'https://librivox.org/deuteronomy-by-american-standard-version-1010/', 'https://librivox.org/morning-and-evening-daily-readings-by-charles-spurgeon/', 'https://librivox.org/the-hexaemeron-by-basil-of-caesarea/']"
168,Roxana: The Fortunate Mistress,"['https://librivox.org/bleak-house-by-charles-dickens/', 'https://librivox.org/this-side-of-paradise-by-f-scott-fitzgerald', 'https://librivox.org/the-odyssey-by-homer/', 'https://librivox.org/the-divine-comedy-by-dante-alighieri/', 'https://librivox.org/uncle-toms-cabin-by-harriet-beecher-stowe/']"
169,Wolf Hunters,"['https://librivox.org/the-golden-goose-book-by-l-leslie-brooke/', 'https://librivox.org/the-advance-of-science-in-the-last-half-century-by-t-h-huxley/', 'https://librivox.org/eighty-years-and-more-reminiscences-1815-1897-by-elizabeth-cady-stanton/', 'https://librivox.org/recollections-of-early-melbourne-and-victoria-by-william-westgarth/', 'https://librivox.org/memoir-of-jane-austen-by-james-austen-leigh/']"
170,Little Fishers and Their Nets,"['https://librivox.org/the-getting-of-wisdom-by-henry-handel-richardson/', 'https://librivox.org/northanger-abbey-by-jane-austen/', 'https://librivox.org/selection-from-many-voices-by-e-nesbit/', 'https://librivox.org/more-william-by-richmal-crompton/', 'https://librivox.org/an-old-fashioned-girl-by-lousia-may-alcott/']"
171,Old Chants,"['https://librivox.org/letters-of-two-brides-by-honore-de-balzac/', 'https://librivox.org/bleak-house-by-charles-dickens/', 'https://librivox.org/this-side-of-paradise-by-f-scott-fitzgerald', 'https://librivox.org/the-odyssey-by-homer/', 'https://librivox.org/the-divine-comedy-by-dante-alighieri/']"
172,Parting Guest,"['https://librivox.org/unbeaten-tracks-in-japan-by-isabella-l-bird/', 'https://librivox.org/a-vindication-of-the-rights-of-woman-by-mary-wollstonecraft/', 'https://librivox.org/the-consolation-of-philosophy-by-boethius/', 'https://librivox.org/mrs-caudles-curtain-lectures-by-douglas-william-jerrold/', 'https://librivox.org/the-merry-adventures-of-robin-hood-by-howard-pyle/']"
173,Seven Lamps of Architecture,"['https://librivox.org/bleak-house-by-charles-dickens/', 'https://librivox.org/this-side-of-paradise-by-f-scott-fitzgerald', 'https://librivox.org/the-adventures-of-huckleberry-finn-by-mark-twain/', 'https://librivox.org/the-odyssey-by-homer/', 'https://librivox.org/the-divine-comedy-by-dante-alighieri/']"
174,"Rubiyt of Omar Khayym, Collected Translations","['https://librivox.org/unbeaten-tracks-in-japan-by-isabella-l-bird/', 'https://librivox.org/a-vindication-of-the-rights-of-woman-by-mary-wollstonecraft/', 'https://librivox.org/the-consolation-of-philosophy-by-boethius/', 'https://librivox.org/mrs-caudles-curtain-lectures-by-douglas-william-jerrold/', 'https://librivox.org/the-merry-adventures-of-robin-hood-by-howard-pyle/']"
175,At The Sign of The Jack O'Lantern,"['https://librivox.org/the-new-england-boys-song-about-thanksgiving-day-by-lydia-maria-child/', 'https://librivox.org/the-devils-dictionary-by-ambrose-bierce/', 'https://librivox.org/the-natural-history-of-selborne-by-gilbert-white/', 'https://librivox.org/the-trimmed-lamp-by-o-henry/', 'https://librivox.org/summer-by-edith-wharton/', 'https://librivox.org/summer-by-christina-rossetti/']"
176,"Plain Speaker: Opinions on Books, Men, and Things","['https://librivox.org/sadhana-by-rabindranath-tagore/', 'https://librivox.org/lair_of_the_white_worm_by_bram_stoker/', 'https://librivox.org/the-interesting-narrative-of-the-life-of-olaudah-equiano-by-olaudah-equiano/', 'https://librivox.org/le-morte-darthur-volume-1-by-sir-thomas-malory/', 'https://librivox.org/love-songs-of-childhood-by-eugene-field/']"
177,De Profundis (version 2),"['https://librivox.org/the-story-of-doctor-dolittle-by-hugh-lofting/', 'https://librivox.org/the-ballad-of-reading-gaol-by-oscar-wilde-jg/', 'https://librivox.org/the-ballad-of-reading-gaol-by-oscar-wilde-ll/', 'https://librivox.org/an-ideal-husband-by-oscar-wilde/', 'https://librivox.org/the-white-people-by-arthur-machen/']"
178,Case of the Golden Bullet,"['https://librivox.org/the-peterkin-papers-by-lucretia-p-hale/', 'https://librivox.org/the-midnight-queen-by-may-agnes-fleming/', 'https://librivox.org/that-affair-next-door/', 'https://librivox.org/tom-swift-and-his-electric-runabout-by-victor-appleton/', 'https://librivox.org/the-secret-passage-by-fergus-hume/']"
179,Bunny Brown and His Sister Sue,"['https://librivox.org/the-getting-of-wisdom-by-henry-handel-richardson/', 'https://librivox.org/the-story-of-a-stuffed-elephant-by-laura-lee-hope/', 'https://librivox.org/northanger-abbey-by-jane-austen/', 'https://librivox.org/ragged-dick-by-horatio-alger-jr/', 'https://librivox.org/silas-marner-by-george-eliot/']"
180,Amoretti: A sonnet sequence,"['https://librivox.org/unbeaten-tracks-in-japan-by-isabella-l-bird/', 'https://librivox.org/dream-psychology-by-sigmund-freud/', 'https://librivox.org/a-vindication-of-the-rights-of-woman-by-mary-wollstonecraft/', 'https://librivox.org/the-consolation-of-philosophy-by-boethius/', 'https://librivox.org/mrs-caudles-curtain-lectures-by-douglas-william-jerrold/']"
181,Iliad (Pope Translation),"['https://librivox.org/the-consolation-of-philosophy-by-boethius/', 'https://librivox.org/wives-and-daughters-by-elizabeth-gaskell/', 'https://librivox.org/o-captain-my-captain-by-walt-whitman/', 'https://librivox.org/us-historical-documents/', 'https://librivox.org/don-quixote-vol-1-by-miguel-de-cervantes-saavedra/', 'https://librivox.org/o-captain-my-captain-by-walt-whitman-2/']"
182,Snow-Burner,"['https://librivox.org/american-indian-fairy-tales-by-william-trowbridge-larned/', 'https://librivox.org/canyons-of-the-colorado-by-john-wesley-powell/', 'https://librivox.org/whats-wrong-with-the-world-by-gk-chesterton/', 'https://librivox.org/up-from-slavery-from-booker-t-washington/', 'https://librivox.org/valley-of-silent-men-by-j-o-curwood/']"
183,Diary of a Goose Girl,"['https://librivox.org/unbeaten-tracks-in-japan-by-isabella-l-bird/', 'https://librivox.org/a-vindication-of-the-rights-of-woman-by-mary-wollstonecraft/', 'https://librivox.org/the-consolation-of-philosophy-by-boethius/', 'https://librivox.org/mrs-caudles-curtain-lectures-by-douglas-william-jerrold/', 'https://librivox.org/the-merry-adventures-of-robin-hood-by-howard-pyle/']"
184,Log-Cabin Lady,"['https://librivox.org/the-diary-of-a-nobody-by-george-weedon-grossmith/', 'https://librivox.org/the-fairyland-of-science-by-arabella-buckley/', 'https://librivox.org/who-was-who-5000-bc-1914-by-irwin-leslie-gordon/', 'https://librivox.org/insomnia-collection-vol-1/', 'https://librivox.org/introduction-to-the-philosophy-of-history-by-georg-wilhelm-freidreich-hegel/']"
185,Letters from a Self-Made Merchant to His Son,"['https://librivox.org/dear-enemy-by-jean-webster/', 'https://librivox.org/discourse-on-the-method-by-rene-descartes/', 'https://librivox.org/the-parenticide-club-by-ambrose-bierce/', 'https://librivox.org/the-pilgrims-progress-by-john-bunyan/', 'https://librivox.org/the-prince-and-the-pauper-by-mark-twain/']"
186,Anecdotes of Dogs,"['https://librivox.org/unbeaten-tracks-in-japan-by-isabella-l-bird/', 'https://librivox.org/a-vindication-of-the-rights-of-woman-by-mary-wollstonecraft/', 'https://librivox.org/the-consolation-of-philosophy-by-boethius/', 'https://librivox.org/mrs-caudles-curtain-lectures-by-douglas-william-jerrold/', 'https://librivox.org/the-merry-adventures-of-robin-hood-by-howard-pyle/']"
187,Peep Behind the Scenes (version 2),"['https://librivox.org/the-lost-princess-of-oz-by-l-frank-baum/', 'https://librivox.org/the-innocents-abroad-by-mark-twain/', 'https://librivox.org/extracts-from-adams-diary-by-mark-twain/', 'https://librivox.org/the-wind-in-the-willows-by-kenneth-grahame-solo/', 'https://librivox.org/raggedy-ann-stories-by-john-b-gruelle']"
188,Horse's Tale (Version 2),"['https://librivox.org/uncle-toms-cabin-by-harriet-beecher-stowe/', 'https://librivox.org/chapters-from-my-authobiography-by-mark-twain/', 'https://librivox.org/the-prince-and-the-pauper-by-mark-twain/', 'https://librivox.org/the-stolen-white-elephant-by-mark-twain/', 'https://librivox.org/the-innocents-abroad-by-mark-twain/']"
189,Socialism: Utopian and Scientific,"['https://librivox.org/unbeaten-tracks-in-japan-by-isabella-l-bird/', 'https://librivox.org/a-vindication-of-the-rights-of-woman-by-mary-wollstonecraft/', 'https://librivox.org/the-consolation-of-philosophy-by-boethius/', 'https://librivox.org/mrs-caudles-curtain-lectures-by-douglas-william-jerrold/', 'https://librivox.org/the-merry-adventures-of-robin-hood-by-howard-pyle/']"
190,Son of the Middle Border,"['https://librivox.org/the-last-of-the-mohicans-by-james-fenimore-cooper/', 'https://librivox.org/my-man-jeeves-by-p-g-wodehouse/', 'https://librivox.org/anne-of-avonlea-by-lucy-maud-montgomery/', 'https://librivox.org/declaration-of-rights-by-the-stamp-act-congress-of-1765/', 'https://librivox.org/danse-russe-by-william-carlos-williams/']"
191,Guide to the Study of the Christian Religion,"['https://librivox.org/three-men-in-a-boat-by-jerome-k-jerome/', 'https://librivox.org/relativity-by-albert-einstein/', 'https://librivox.org/the-city-of-god-by-st-augustine-of-hippo/', 'https://librivox.org/a-history-of-the-philippines-by-barrows/', 'https://librivox.org/last-days-of-pompeii-by-edward-bulwer-lytton/']"
192,Hill,"['https://librivox.org/letters-of-two-brides-by-honore-de-balzac/', 'https://librivox.org/bleak-house-by-charles-dickens/', 'https://librivox.org/this-side-of-paradise-by-f-scott-fitzgerald', 'https://librivox.org/the-odyssey-by-homer/', 'https://librivox.org/the-divine-comedy-by-dante-alighieri/']"
193,Lancashire,"['https://librivox.org/andersens-fairy-tales-by-hc-andersen/', 'https://librivox.org/discourse-on-the-method-by-rene-descartes/', 'https://librivox.org/the-card-by-arnold-bennett/', 'https://librivox.org/the-parenticide-club-by-ambrose-bierce/', 'https://librivox.org/the-prince-and-the-pauper-by-mark-twain/']"
194,Elements of Entomology,"['https://librivox.org/discourse-on-the-method-by-rene-descartes/', 'https://librivox.org/the-swiss-family-robinson-by-johann-david-wyss/', 'https://librivox.org/history-of-england-volume-1-chapter-1/', 'https://librivox.org/the-natural-history-of-selborne-by-gilbert-white/', 'https://librivox.org/the-backwoods-of-canada/']"
195,Six Years in the Prisons of England,"['https://librivox.org/the-story-of-the-middle-ages-by-samuel-b-harding/', 'https://librivox.org/the-collected-works-of-saint-patrick-by-saint-patrick/', 'https://librivox.org/squirrels-and-other-fur-bearers-by-john-burroughs/', 'https://librivox.org/ruth-of-boston-by-james-otis/', 'https://librivox.org/the-book-of-ecclesiastes-by-american-standard-version-ss/']"
196,Behind the Beyond,"['https://librivox.org/the-adventures-of-huckleberry-finn-by-mark-twain/', 'https://librivox.org/unbeaten-tracks-in-japan-by-isabella-l-bird/', 'https://librivox.org/a-vindication-of-the-rights-of-woman-by-mary-wollstonecraft/', 'https://librivox.org/the-consolation-of-philosophy-by-boethius/', 'https://librivox.org/mrs-caudles-curtain-lectures-by-douglas-william-jerrold/']"
197,Wind in the Willows (Version 4),"['https://librivox.org/the-wind-in-the-willows-by-kenneth-grahame-2/', 'https://librivox.org/anne-of-green-gables-by-lucy-maud-montgomery/', 'https://librivox.org/old-christmas-by-washington-irving/', 'https://librivox.org/anne-of-green-gables-by-lucy-maud-montgomery-4/', 'https://librivox.org/adventures-of-pinocchio-by-c-collodi/']"
198,Ghost of Kingdom Come,"['https://librivox.org/unbeaten-tracks-in-japan-by-isabella-l-bird/', 'https://librivox.org/a-vindication-of-the-rights-of-woman-by-mary-wollstonecraft/', 'https://librivox.org/the-consolation-of-philosophy-by-boethius/', 'https://librivox.org/mrs-caudles-curtain-lectures-by-douglas-william-jerrold/', 'https://librivox.org/the-junior-classics-vol-1-by-william-patten/']"
199,Strenuous Life: Essays and Addresses of Theodore Roosevelt,"['https://librivox.org/stalky-and-co-by-rudyard-kipling/', 'https://librivox.org/t-roosevelt-autobiography/', 'https://librivox.org/dere-mable-by-edward-streeter/', 'https://librivox.org/the-social-contract-by-jean-jacques-rousseau/', 'https://librivox.org/the-manxman-by-hall-caine/']"
200,Seven Follies of Science,"['https://librivox.org/the-picture-of-dorian-gray-by-oscar-wilde/', 'https://librivox.org/the-innocents-abroad-by-mark-twain/', 'https://librivox.org/the-ballad-of-reading-gaol-by-oscar-wilde-jg/', 'https://librivox.org/allan-quatermain-by-h-rider-haggard', 'https://librivox.org/afterward-by-edith-wharton/']"
201,Herndon's Lincoln,"['https://librivox.org/unbeaten-tracks-in-japan-by-isabella-l-bird/', 'https://librivox.org/a-vindication-of-the-rights-of-woman-by-mary-wollstonecraft/', 'https://librivox.org/the-consolation-of-philosophy-by-boethius/', 'https://librivox.org/mrs-caudles-curtain-lectures-by-douglas-william-jerrold/', 'https://librivox.org/the-merry-adventures-of-robin-hood-by-howard-pyle/']"
202,Life and Adventures of Alexander Selkirk,"['https://librivox.org/childhood-english-trans-by-leo-tolstoy-translated-by-c-j-hogarth/', 'https://librivox.org/domestic-cookery-by-elizabeth-e-lea', 'https://librivox.org/sunshine-sketches-of-a-little-town-by-stephen-leacock/', 'https://librivox.org/main-street-by-sinclair-lewis/', 'https://librivox.org/the-picture-of-dorian-gray-by-oscar-wilde/', 'https://librivox.org/main-street-by-joyce-kilmer/']"
203,Fair Barbarian,"['https://librivox.org/beyond-good-and-evil-by-friedrich-nietzsche/', 'https://librivox.org/the-innocents-abroad-by-mark-twain/', 'https://librivox.org/three-short-works-by-gustav-flaubert/', 'https://librivox.org/history-of-england-volume-1-chapter-1/', 'https://librivox.org/the-ballad-of-reading-gaol-by-oscar-wilde-ll/']"
204,Ramona (version 2),"['https://librivox.org/unbeaten-tracks-in-japan-by-isabella-l-bird/', 'https://librivox.org/a-vindication-of-the-rights-of-woman-by-mary-wollstonecraft/', 'https://librivox.org/the-consolation-of-philosophy-by-boethius/', 'https://librivox.org/mrs-caudles-curtain-lectures-by-douglas-william-jerrold/', 'https://librivox.org/the-merry-adventures-of-robin-hood-by-howard-pyle/']"
205,Yankee Girl at Fort Sumter,"['https://librivox.org/the-getting-of-wisdom-by-henry-handel-richardson/', 'https://librivox.org/the-rosary-by-florence-louisa-barclay/', 'https://librivox.org/barbara-frietchie-by-john-greenleaf-whittier/', 'https://librivox.org/our-island-story-part-2-by-he-marshall/', 'https://librivox.org/the-emerald-city-of-oz-by-l-frank-baum/']"
206,"History of England, from the Accession of James II - (Volume 4, Chapter 17)","['https://librivox.org/beyond-good-and-evil-by-friedrich-nietzsche/', 'https://librivox.org/history-of-england-volume-1-chapter-5/', 'https://librivox.org/northanger-abbey-by-jane-austen/', 'https://librivox.org/our-island-story-part-1-by-he-marshall/', 'https://librivox.org/our-island-story-part-2-by-he-marshall/']"
207,Louis Lambert,"['https://librivox.org/unbeaten-tracks-in-japan-by-isabella-l-bird/', 'https://librivox.org/a-vindication-of-the-rights-of-woman-by-mary-wollstonecraft/', 'https://librivox.org/the-consolation-of-philosophy-by-boethius/', 'https://librivox.org/mrs-caudles-curtain-lectures-by-douglas-william-jerrold/', 'https://librivox.org/the-wind-in-the-willows-by-kenneth-grahame-2/']"
208,Woman of No Importance,"['https://librivox.org/letters-of-two-brides-by-honore-de-balzac/', 'https://librivox.org/bleak-house-by-charles-dickens/', 'https://librivox.org/this-side-of-paradise-by-f-scott-fitzgerald', 'https://librivox.org/the-odyssey-by-homer/', 'https://librivox.org/the-divine-comedy-by-dante-alighieri/']"
209,Chronicles of Canada Volume 13 - The United Empire Loyalists: A Chronicle of the Great Migration,"['https://librivox.org/the-prince-and-the-pauper-by-mark-twain/', 'https://librivox.org/the-spy-by-james-fenimore-cooper/', 'https://librivox.org/the-jesuit-missions-a-chronicle-of-the-cross-in-the-wilderness/', 'https://librivox.org/capital-volume-1-by-karl-marx/', 'https://librivox.org/common-sense-by-thomas-paine/', 'https://librivox.org/the-spy-by-richard-harding-davis/']"
210,Cousin's Conspiracy,"['https://librivox.org/the-road-to-oz-by-l-frank-baum/', 'https://librivox.org/king-henry-iv-by-william-shakespeare/', 'https://librivox.org/the-jungle-book-by-rudyard-kipling/', 'https://librivox.org/richard-of-jamestown-a-story-of-the-virginia-colony-by-james-otis/', 'https://librivox.org/the-magic-of-oz-by-l-frank-baum/']"
211,Bible (KJV) 04: Numbers,"['https://librivox.org/unbeaten-tracks-in-japan-by-isabella-l-bird/', 'https://librivox.org/a-vindication-of-the-rights-of-woman-by-mary-wollstonecraft/', 'https://librivox.org/the-consolation-of-philosophy-by-boethius/', 'https://librivox.org/mrs-caudles-curtain-lectures-by-douglas-william-jerrold/', 'https://librivox.org/the-merry-adventures-of-robin-hood-by-howard-pyle/']"
212,Awful German Language (version 2),"['https://librivox.org/the-innocents-abroad-by-mark-twain/', 'https://librivox.org/thus-spake-zarathustra-by-friedrich-nietzsche/', 'https://librivox.org/the-awful-german-language-by-mark-twain/', 'https://librivox.org/the-meditations-of-marcus-aurelius/', 'https://librivox.org/as-you-like-it-by-william-shakespeare/']"
213,Murder in the Sacristy,"['https://librivox.org/this-side-of-paradise-by-f-scott-fitzgerald', 'https://librivox.org/unbeaten-tracks-in-japan-by-isabella-l-bird/', 'https://librivox.org/a-vindication-of-the-rights-of-woman-by-mary-wollstonecraft/', 'https://librivox.org/the-consolation-of-philosophy-by-boethius/', 'https://librivox.org/mrs-caudles-curtain-lectures-by-douglas-william-jerrold/']"
214,Railway Train,"['https://librivox.org/letters-of-two-brides-by-honore-de-balzac/', 'https://librivox.org/bleak-house-by-charles-dickens/', 'https://librivox.org/this-side-of-paradise-by-f-scott-fitzgerald', 'https://librivox.org/the-odyssey-by-homer/', 'https://librivox.org/the-divine-comedy-by-dante-alighieri/']"
215,To The Immortal Memory of the Halibut,"['https://librivox.org/unbeaten-tracks-in-japan-by-isabella-l-bird/', 'https://librivox.org/a-vindication-of-the-rights-of-woman-by-mary-wollstonecraft/', 'https://librivox.org/the-consolation-of-philosophy-by-boethius/', 'https://librivox.org/mrs-caudles-curtain-lectures-by-douglas-william-jerrold/', 'https://librivox.org/the-merry-adventures-of-robin-hood-by-howard-pyle/']"
216,Perfect Wagnerite,"['https://librivox.org/love-conquers-all-by-robert-benchley/', 'https://librivox.org/silas-marner-by-george-eliot/', 'https://librivox.org/the-adventures-of-sherlock-holmes/', 'https://librivox.org/the-turn-of-the-screw-by-henry-james/', 'https://librivox.org/time-and-the-gods-by-lord-dunsany/']"
217,Rebel of the School,"['https://librivox.org/jack-and-jill/', 'https://librivox.org/anne-of-green-gables-by-lucy-maud-montgomery-3/', 'https://librivox.org/popular-hist-of-ireland-bk-7-by-mcgee/', 'https://librivox.org/popular-history-of-ireland-book-11-by-mcgee/', 'https://librivox.org/the-professor-by-charlotte-bronte/']"
218,Invasion,"['https://librivox.org/the-truth-about-jesus-is-he-a-myth-by-m-m-mangasarian/', 'https://librivox.org/mrs-caudles-curtain-lectures-by-douglas-william-jerrold/', 'https://librivox.org/lord-jim-by-joseph-conrad', 'https://librivox.org/the-three-musketeers-by-alexandre-dumas/', 'https://librivox.org/a-girl-of-the-limberlost-by-gene-stratton-porter/']"
219,Black Tulip,"['https://librivox.org/the-three-musketeers-by-alexandre-dumas/', 'https://librivox.org/five-children-and-it-by-e-nesbit/', 'https://librivox.org/a-tale-of-two-cities-by-charles-dickens/', 'https://librivox.org/captain-blood-by-rafael-sabatini', 'https://librivox.org/whose-body-by-dorothy-l-sayers/']"
220,Ghost Ship,"['https://librivox.org/the-card-by-arnold-bennett/', 'https://librivox.org/the-warden-by-anthony-trollope/', 'https://librivox.org/thus-spake-zarathustra-by-friedrich-nietzsche/', 'https://librivox.org/war-is-kind-collection-by-stephen-crane/', 'https://librivox.org/good-things-to-eat-as-suggested-by-rufus-by-rufus-estes/']"
221,Short Poetry Collection 097,"['https://librivox.org/art-and-heart-by-ella-wheeler-wilcox/', 'https://librivox.org/cathay-by-ezra-pound/', 'https://librivox.org/a-vagabond-song-by-bliss-carman/', 'https://librivox.org/a-noiseless-patient-spider-by-walt-whitman/', 'https://librivox.org/i-do-not-love-thee-by-caroline-norton/']"
222,Grace Harlowe's Fourth Year at Overton College,"['https://librivox.org/rilla-of-ingleside-by-lucy-maud-montgomery/', 'https://librivox.org/embankment-at-night-before-the-war-outcasts-by-d-h-lawrence/', 'https://librivox.org/from-october-to-brest-litovsk-by-leon-d-trotsky/', 'https://librivox.org/the-riddle-of-the-sands-by-erskine-childers/', 'https://librivox.org/ballads-of-a-bohemian-by-robert-w-service/']"
223,Outdoor Girls of Deepdale,"['https://librivox.org/the-story-of-doctor-dolittle-by-hugh-lofting/', 'https://librivox.org/ozma-of-oz-dramatic-reading-by-l-frank-baum/', 'https://librivox.org/tik-tok-of-oz-by-l-frank-baum/', 'https://librivox.org/ozma-of-oz-by-l-frank-baum/', 'https://librivox.org/deephaven-by-sarah-orne-jewett/']"
224,Text-book of Assaying,"['https://librivox.org/unbeaten-tracks-in-japan-by-isabella-l-bird/', 'https://librivox.org/a-vindication-of-the-rights-of-woman-by-mary-wollstonecraft/', 'https://librivox.org/the-consolation-of-philosophy-by-boethius/', 'https://librivox.org/mrs-caudles-curtain-lectures-by-douglas-william-jerrold/', 'https://librivox.org/the-importance-of-being-earnest-by-oscar-wilde/']"
225,Birdseye Views of Far Lands,"['https://librivox.org/unbeaten-tracks-in-japan-by-isabella-l-bird/', 'https://librivox.org/dream-psychology-by-sigmund-freud/', 'https://librivox.org/a-vindication-of-the-rights-of-woman-by-mary-wollstonecraft/', 'https://librivox.org/the-consolation-of-philosophy-by-boethius/', 'https://librivox.org/mrs-caudles-curtain-lectures-by-douglas-william-jerrold/']"
226,Meno,"['https://librivox.org/the-iliad-by-homer-translated-by-samuel-butler/', 'https://librivox.org/the-sorrows-of-young-werther-by-johann-wolfgang-von-goethe/', 'https://librivox.org/politics-by-aristotle/', 'https://librivox.org/epistles-of-john-king-james-version/', 'https://librivox.org/the-voyage-out-by-virginia-woolf/']"
227,Girl on the Boat,"['https://librivox.org/the-moonstone-by-wilkie-collins/', 'https://librivox.org/the-book-of-tea-by-okakura-kakuzo/', 'https://librivox.org/the-sorrows-of-young-werther-by-johann-wolfgang-von-goethe/', 'https://librivox.org/the-scarlet-letter-by-nathaniel-hawthorne/', 'https://librivox.org/carmilla-by-sheridan-lefanu/']"
228,Running Water,"['https://librivox.org/ranald-bannermans-boyhood-by-george-macdonald/', 'https://librivox.org/a-vindication-of-the-rights-of-woman-by-mary-wollstonecraft/', 'https://librivox.org/lord-jim-by-joseph-conrad', 'https://librivox.org/a-girl-of-the-limberlost-by-gene-stratton-porter/', 'https://librivox.org/sarrasine-by-honore-de-balzac/']"
229,Exploits of Juve,"['https://librivox.org/unbeaten-tracks-in-japan-by-isabella-l-bird/', 'https://librivox.org/a-vindication-of-the-rights-of-woman-by-mary-wollstonecraft/', 'https://librivox.org/the-consolation-of-philosophy-by-boethius/', 'https://librivox.org/mrs-caudles-curtain-lectures-by-douglas-william-jerrold/', 'https://librivox.org/the-merry-adventures-of-robin-hood-by-howard-pyle/']"
230,Rule of St. Benedict,"['https://librivox.org/the-iliad-by-homer-translated-by-samuel-butler/', 'https://librivox.org/the-sorrows-of-young-werther-by-johann-wolfgang-von-goethe/', 'https://librivox.org/epistles-of-john-king-james-version/', 'https://librivox.org/the-voyage-out-by-virginia-woolf/', 'https://librivox.org/widdershins-version-2-by-oliver-onions/']"
231,Secret of Lonesome Cove,"['https://librivox.org/the-middle-temple-murder-by-js-fletcher/', 'https://librivox.org/the-new-england-boys-song-about-thanksgiving-day-by-lydia-maria-child/', 'https://librivox.org/whose-body-by-dorothy-l-sayers/', 'https://librivox.org/summer-by-edith-wharton/', 'https://librivox.org/pollyanna-by-eleanor-h-porter/', 'https://librivox.org/summer-by-christina-rossetti/']"
232,Compilation of the Messages and Papers of the Presidents: Ulysses S. Grant,"['https://librivox.org/unbeaten-tracks-in-japan-by-isabella-l-bird/', 'https://librivox.org/uncle-toms-cabin-by-harriet-beecher-stowe/', 'https://librivox.org/a-vindication-of-the-rights-of-woman-by-mary-wollstonecraft/', 'https://librivox.org/the-consolation-of-philosophy-by-boethius/', 'https://librivox.org/mrs-caudles-curtain-lectures-by-douglas-william-jerrold/']"
233," (Injustice), with excerpt from The Escaping Club","['https://librivox.org/a-girl-of-the-limberlost-by-gene-stratton-porter/', 'https://librivox.org/secret-chambers-and-hiding-places-by-allan-fea', 'https://librivox.org/the-strange-case-of-dr-jekyll-mr-hyde-by-robert-louis-stevenson/', 'https://librivox.org/the-velveteen-rabbit-by-margery-williams/', 'https://librivox.org/little-women-by-louisa-may-alcott/']"
234,Roman Collar Detective,"['https://librivox.org/the-wings-of-the-dove-by-henry-james/', 'https://librivox.org/the-time-traders-by-andre-norton/', 'https://librivox.org/wanted-7-fearless-engineers-by-warner-van-lorne/', 'https://librivox.org/the-little-colonel-by-annie-fellows-johnston/', 'https://librivox.org/song-of-solomon-king-james-version/']"
235,Crime: Its Cause and Treatment,"['https://librivox.org/present-at-a-hanging-by-ambrose-bierce/', 'https://librivox.org/the-adventures-of-sherlock-holmes/', 'https://librivox.org/the-gift-of-the-magi-by-o-henry/', 'https://librivox.org/song-my-paddle-sings-by-e-pauline-johnson/', 'https://librivox.org/the-story-of-doctor-dolittle-by-hugh-lofting/']"
236,Case of the Pool of Blood in the Pastor's Study,"['https://librivox.org/the-story-of-my-misfortunes-by-peter-abelard/', 'https://librivox.org/the-czars-spy-by-william-le-queux/', 'https://librivox.org/the-diamond-master-by-jaques-futrelle/', 'https://librivox.org/the-seven-secrets-by-william-le-queux/', 'https://librivox.org/the-case-of-the-golden-bullet-by-grace-isabel-colbron-and-augusta-groner/']"
237,Aunt Jane's Nieces at Work,"['https://librivox.org/bleak-house-by-charles-dickens/', 'https://librivox.org/this-side-of-paradise-by-f-scott-fitzgerald', 'https://librivox.org/the-odyssey-by-homer/', 'https://librivox.org/the-divine-comedy-by-dante-alighieri/', 'https://librivox.org/uncle-toms-cabin-by-harriet-beecher-stowe/']"
238,Dancing Mania,"['https://librivox.org/the-odyssey-by-homer/', 'https://librivox.org/the-divine-comedy-by-dante-alighieri/', 'https://librivox.org/unbeaten-tracks-in-japan-by-isabella-l-bird/', 'https://librivox.org/a-vindication-of-the-rights-of-woman-by-mary-wollstonecraft/', 'https://librivox.org/the-consolation-of-philosophy-by-boethius/']"
239,New England Girlhood: Outlined From Memory,"['https://librivox.org/art-and-heart-by-ella-wheeler-wilcox/', 'https://librivox.org/the-adventures-of-sherlock-holmes/', 'https://librivox.org/the-innocence-of-father-brown-by-g-k-chesterton/', 'https://librivox.org/the-wisdom-of-father-brown-by-g-k-chesterton/', 'https://librivox.org/the-congo-by-vachel-lindsay/']"
240,Common Sense (version 2),"['https://librivox.org/ghost-stories-of-an-antiquary-by-m-r-james/', 'https://librivox.org/the-spy-by-james-fenimore-cooper/', 'https://librivox.org/the-innocents-abroad-by-mark-twain/', 'https://librivox.org/typee-by-herman-melville/', 'https://librivox.org/how-to-speak-and-write-correctly-by-joseph-devlin', 'https://librivox.org/the-spy-by-richard-harding-davis/']"
241,"$30,000 Bequest and Other Stories (Version 2)","['https://librivox.org/mother-goose-in-prose-by-l-frank-baum/', 'https://librivox.org/uncle-toms-cabin-by-harriet-beecher-stowe/', 'https://librivox.org/chapters-from-my-authobiography-by-mark-twain/', 'https://librivox.org/crome-yellow-by-aldous-huxley/', 'https://librivox.org/little-wizard-stories-of-oz-by-l-frank-baum/']"
242,Round the Block,"['https://librivox.org/ranald-bannermans-boyhood-by-george-macdonald/', 'https://librivox.org/the-last-of-the-mohicans-by-james-fenimore-cooper/', 'https://librivox.org/my-man-jeeves-by-p-g-wodehouse/', 'https://librivox.org/barbara-frietchie-by-john-greenleaf-whittier/', 'https://librivox.org/declaration-of-rights-by-the-stamp-act-congress-of-1765/']"
243,Rhymed Receipts for Any Occasion,"['https://librivox.org/art-and-heart-by-ella-wheeler-wilcox/', 'https://librivox.org/domestic-cookery-by-elizabeth-e-lea', 'https://librivox.org/little-wizard-stories-of-oz-by-l-frank-baum/', 'https://librivox.org/love-conquers-all-by-robert-benchley/', 'https://librivox.org/silas-marner-by-george-eliot/']"
244,Bible (YLT) 16: Nehemiah,"['https://librivox.org/matthew-from-weymouth-new-testament/', 'https://librivox.org/mark-wnt/', 'https://librivox.org/luke-from-weymouth-new-testament-0901/', 'https://librivox.org/the-boys-life-of-mark-twain/', 'https://librivox.org/the-journals-of-robert-falcon-scott-vol-1-by-robert-falcon-scott/']"
245,Flight,"['https://librivox.org/a-ballad-of-john-silver-by-john-masefield/', 'https://librivox.org/art-and-heart-by-ella-wheeler-wilcox/', 'https://librivox.org/a-vagabond-song-by-bliss-carman/', 'https://librivox.org/death-be-not-proud-by-john-donne/', 'https://librivox.org/a-noiseless-patient-spider-by-walt-whitman/']"
246,At Home From Church,"['https://librivox.org/letters-of-two-brides-by-honore-de-balzac/', 'https://librivox.org/bleak-house-by-charles-dickens/', 'https://librivox.org/this-side-of-paradise-by-f-scott-fitzgerald', 'https://librivox.org/the-odyssey-by-homer/', 'https://librivox.org/the-divine-comedy-by-dante-alighieri/']"
247,Jacket,"['https://librivox.org/unbeaten-tracks-in-japan-by-isabella-l-bird/', 'https://librivox.org/a-vindication-of-the-rights-of-woman-by-mary-wollstonecraft/', 'https://librivox.org/the-consolation-of-philosophy-by-boethius/', 'https://librivox.org/mrs-caudles-curtain-lectures-by-douglas-william-jerrold/', 'https://librivox.org/villette-by-charlotte-bronte/']"
248,House of the Whispering Pines,"['https://librivox.org/the-middle-temple-murder-by-js-fletcher/', 'https://librivox.org/the-ideal-bartender-by-tom-bullock/', 'https://librivox.org/whose-body-by-dorothy-l-sayers/', 'https://librivox.org/dead-mens-money-by-j-s-fletcher/', 'https://librivox.org/varney-the-vampyre-vol-1-by-t-p-prest/']"
249,History of Farming in Ontario,"['https://librivox.org/the-jesuit-missions-a-chronicle-of-the-cross-in-the-wilderness/', 'https://librivox.org/the-copyright-question/', 'https://librivox.org/just-david-by-eleanor-h-porter/', 'https://librivox.org/fast-in-the-ice/', 'https://librivox.org/chronicles-of-canada-volume-10-a-chronicle-of-montcalm/']"
250,Noli Me Tangere (The Social Cancer),"['https://librivox.org/don-quixote-vol-2-by-miguel-de-cervantes-saavedra/', 'https://librivox.org/the-love-letters-of-abelard-and-heloise-by-peter-abelard-and-heloise/', 'https://librivox.org/love-songs-of-childhood-by-eugene-field/', 'https://librivox.org/rinkitink-in-oz-by-l-frank-baum/', 'https://librivox.org/the-rubaiyat-of-omar-khayyam-by-omar-khayyam/']"
251,Silent House,"['https://librivox.org/unbeaten-tracks-in-japan-by-isabella-l-bird/', 'https://librivox.org/a-vindication-of-the-rights-of-woman-by-mary-wollstonecraft/', 'https://librivox.org/the-consolation-of-philosophy-by-boethius/', 'https://librivox.org/mrs-caudles-curtain-lectures-by-douglas-william-jerrold/', 'https://librivox.org/the-merry-adventures-of-robin-hood-by-howard-pyle/']"
252,Dark Hollow,"['https://librivox.org/sunshine-sketches-of-a-little-town-by-stephen-leacock/', 'https://librivox.org/main-street-by-sinclair-lewis/', 'https://librivox.org/us-historical-documents/', 'https://librivox.org/my-mark-twain-by-william-dean-howells/', 'https://librivox.org/middlemarch-by-george-eliot/', 'https://librivox.org/main-street-by-joyce-kilmer/']"
253,Piccadilly A Fragment of Contemporary Biography,"['https://librivox.org/unbeaten-tracks-in-japan-by-isabella-l-bird/', 'https://librivox.org/a-vindication-of-the-rights-of-woman-by-mary-wollstonecraft/', 'https://librivox.org/the-consolation-of-philosophy-by-boethius/', 'https://librivox.org/mrs-caudles-curtain-lectures-by-douglas-william-jerrold/', 'https://librivox.org/the-merry-adventures-of-robin-hood-by-howard-pyle/']"
254,Precipice,['https://librivox.org/letters-of-two-brides-by-honore-de-balzac/']
255,Little Sister Snow,"['https://librivox.org/uncle-toms-cabin-by-harriet-beecher-stowe/', 'https://librivox.org/ranald-bannermans-boyhood-by-george-macdonald/', 'https://librivox.org/the-getting-of-wisdom-by-henry-handel-richardson/', 'https://librivox.org/lord-jim-by-joseph-conrad', 'https://librivox.org/anne-of-green-gables-by-lucy-maud-montgomery/']"
256,Story of the Days to Come,"['https://librivox.org/mrs-caudles-curtain-lectures-by-douglas-william-jerrold/', 'https://librivox.org/the-secret-agent-by-joseph-conrad/', 'https://librivox.org/reviews-by-oscar-wilde/', 'https://librivox.org/life-in-the-clearings-versus-the-bush/', 'https://librivox.org/an-ideal-husband-by-oscar-wilde/']"
257,World Set Free (version 2),"['https://librivox.org/the-wisdom-of-father-brown-by-g-k-chesterton/', 'https://librivox.org/omnilingual-by-h-beam-piper/', 'https://librivox.org/the-city-of-god-by-st-augustine-of-hippo/', 'https://librivox.org/heretics-by-g-k-chesterton/', 'https://librivox.org/three-men-on-the-bummel-by-jerome-k-jerome/']"
258,Twenty-five Sermons on The Holy Land,"['https://librivox.org/bible-kjv-nt-03-luke/', 'https://librivox.org/little-men-by-louisa-may-alcott/', 'https://librivox.org/book-of-philemon-web/', 'https://librivox.org/legends-of-the-jews-volume-1-by-louis-ginzberg/', 'https://librivox.org/the-revelation-of-baha-ullah-in-a-sequence-of-four-lessons-by-isabella-matilda-davis-brittingham/']"
259,Bruised Reed,"['https://librivox.org/secret-chambers-and-hiding-places-by-allan-fea', 'https://librivox.org/north-of-boston-by-robert-frost/', 'https://librivox.org/discourse-on-the-method-by-rene-descartes/', 'https://librivox.org/the-parenticide-club-by-ambrose-bierce/', 'https://librivox.org/the-prince-and-the-pauper-by-mark-twain/']"
260,Lady Rose's Daughter,"['https://librivox.org/the-rosary-by-florence-louisa-barclay/', 'https://librivox.org/queen-lucia-by-edward-frederic-benson/', 'https://librivox.org/the-last-of-the-mohicans-by-james-fenimore-cooper/', 'https://librivox.org/anne-of-the-island-by-lucy-maud-montgomery/', 'https://librivox.org/if-by-rudyard-kipling/']"
261,Timon of Athens,"['https://librivox.org/letters-of-two-brides-by-honore-de-balzac/', 'https://librivox.org/bleak-house-by-charles-dickens/', 'https://librivox.org/this-side-of-paradise-by-f-scott-fitzgerald', 'https://librivox.org/the-adventures-of-huckleberry-finn-by-mark-twain/', 'https://librivox.org/the-odyssey-by-homer/']"
262,Last Day of a Condemned,"['https://librivox.org/unbeaten-tracks-in-japan-by-isabella-l-bird/', 'https://librivox.org/a-vindication-of-the-rights-of-woman-by-mary-wollstonecraft/', 'https://librivox.org/the-consolation-of-philosophy-by-boethius/', 'https://librivox.org/mrs-caudles-curtain-lectures-by-douglas-william-jerrold/', 'https://librivox.org/the-merry-adventures-of-robin-hood-by-howard-pyle/']"
263,Ziska,"['https://librivox.org/brewsters-millions-by-george-barr-mccutcheon/', 'https://librivox.org/book-of-judith-douay-rheims-version-2/', 'https://librivox.org/the-song-of-the-lark-by-willa-sibert-cather/', 'https://librivox.org/erema-by-richard-dodderidge-blackmore/', 'https://librivox.org/aunt-janes-nieces-abroad-by-l-frank-baum/']"
